trial,outcome,center_in,center_out,side_in,last_side_out,actions,reward,trial_types,odors,port_side,schedule,odor_name,odor_dur
1,1840.941259,1840.402592,1840.455925,1840.887925,1856.273909,0,2.99999999999994,0.0299999999999997,5.99999999999996,2,1,65,0.5
2,1858.54524,1857.922574,1858.051241,1858.54524,1874.475891,0,NaN,0,7.00000000000003,1,2,66,0.5
3,1882.49255,1881.809884,1882.03655,1882.439217,1907.992524,1,2.99999999999994,0.0299999999999997,7.00000000000003,1,2,66,0.5
4,1910.545188,1909.663189,1910.103856,1910.491855,1913.105853,1,2.99999999999994,0.0299999999999997,7.00000000000003,1,2,66,0.5
5,1915.201184,1914.292518,1914.706518,1915.201184,1926.243173,0,NaN,0,7.00000000000003,1,2,66,0.5
6,1930.581168,1929.987169,1930.073169,1930.527835,1948.98715,1,2.99999999999994,0.0299999999999997,7.00000000000003,1,2,66,0.5
7,1950.285149,1949.449816,1949.503816,1950.285149,1950.459149,0,NaN,0,7.00000000000003,1,2,66,0.5
8,1962.441137,1961.963804,1961.997804,1962.441137,1981.424451,0,NaN,0,7.00000000000003,1,2,66,0.5
9,1984.599781,1982.80245,1983.357116,1984.048449,2005.62176,0,NaN,0,5.99999999999996,2,1,65,0.5
10,2008.113758,2007.125759,2007.569091,2008.113758,2083.749682,0,NaN,0,7.00000000000003,1,2,66,0.5
11,2094.091005,2092.925006,2093.537005,2094.037672,2096.359669,1,2.99999999999994,0.0299999999999997,7.00000000000003,1,2,66,0.5
12,2098.808334,2097.801668,2098.150334,2098.755,2141.346291,1,2.99999999999994,0.0299999999999997,7.00000000000003,1,2,66,0.5
13,2155.280277,2145.87562,2146.04962,2155.280277,2170.336262,1,NaN,0,5.99999999999996,2,1,65,0.5
14,2184.549581,2183.246916,2183.405582,2184.549581,2184.794914,1,NaN,0,5.99999999999996,2,1,65,0.5
15,2197.202235,2196.102903,2196.596236,2197.148902,2199.510899,1,2.99999999999994,0.0299999999999997,7.00000000000003,1,2,66,0.5
16,2201.591564,2200.347565,2200.638898,2201.538231,2266.966832,0,2.99999999999994,0.0299999999999997,5.99999999999996,2,1,65,0.5
17,2268.874163,2267.522831,2267.756831,2268.874163,2273.380826,1,NaN,0,5.99999999999996,2,1,65,0.5
18,2275.828823,2274.983491,2275.242157,2275.828823,2304.453461,1,NaN,0,5.99999999999996,2,1,65,0.5
19,2380.934718,2379.476053,2380.137386,2380.934718,2486.527946,1,NaN,0,5.99999999999996,2,1,65,0.5
20,2503.643262,2502.600596,2502.929929,2503.643262,2503.820595,1,NaN,0,5.99999999999996,2,1,65,0.5
21,2551.185881,2543.832555,2543.846555,NaN,2556.698542,NaN,NaN,0,5.99999999999996,2,1,65,0.5
22,2566.447199,2557.726541,2558.091208,2566.393866,2586.108513,0,2.99999999999994,0.0299999999999997,5.99999999999996,2,1,65,0.5
23,2594.274505,2593.183839,2593.454506,2594.274505,2638.451794,1,NaN,0,5.99999999999996,2,1,65,0.5
24,2668.68243,2659.019773,2659.303106,2668.679764,2671.023761,0,2.99999999999994,0.0299999999999997,5.99999999999996,2,1,65,0.5
25,2672.923759,2671.692427,2672.24776,2672.870426,2675.17509,1,2.99999999999994,0.0299999999999997,7.00000000000003,1,2,66,0.5
26,2676.725756,2675.938423,2676.320423,2676.725756,2766.248333,1,NaN,0,5.99999999999996,2,1,65,0.5
27,2768.114331,2766.868999,2767.115665,2768.114331,2768.628997,1,NaN,0,5.99999999999996,2,1,65,0.5
28,2788.088311,2786.509646,2786.832979,2788.085644,2789.725643,0,2.99999999999994,0.0299999999999997,5.99999999999996,2,1,65,0.5
29,2792.558306,2791.716307,2792.006974,2792.558306,2818.796947,1,NaN,0,5.99999999999996,2,1,65,0.5
30,2826.173606,2825.36294,2825.515607,2826.173606,2827.740938,1,NaN,0,5.99999999999996,2,1,65,0.5
31,2870.554228,2869.670896,2869.770896,2870.554228,3092.066007,1,NaN,0,5.99999999999996,2,1,65,0.5
32,3304.747794,3302.966463,3304.127128,3304.747794,3309.023123,1,NaN,0,5.99999999999996,2,1,65,0.5
33,3328.86777,3321.615111,3321.724444,3328.86777,3404.727028,1,NaN,0,5.99999999999996,2,1,65,0.5
34,3407.238358,3406.069693,3406.500359,3407.238358,3411.929687,1,NaN,0,5.99999999999996,2,1,65,0.5
35,3414.359685,3412.940353,3413.467019,3414.357018,3419.460346,0,2.99999999999994,0.0299999999999997,5.99999999999996,2,1,65,0.5
36,3422.091677,3420.352345,3420.766345,3422.038344,3424.765008,0,2.99999999999994,0.0299999999999997,5.99999999999996,2,1,65,0.5
37,3426.911005,3425.573007,3425.96834,3426.911005,3434.559664,1,NaN,0,5.99999999999996,2,1,65,0.5
38,3445.94832,3444.132322,3444.570321,3445.945653,3448.59965,0,2.99999999999994,0.0299999999999997,5.99999999999996,2,1,65,0.5
39,3450.948981,3449.312316,3450.049649,3450.895648,3454.186311,1,2.99999999999994,0.0299999999999997,7.00000000000003,1,2,66,0.5
40,3456.323643,3455.267644,3455.753643,3456.323643,3537.363564,1,NaN,0,5.99999999999996,2,1,65,0.5
41,3539.510226,3537.987561,3538.64956,3539.456893,3542.248223,1,2.99999999999994,0.0299999999999997,7.00000000000003,1,2,66,0.5
42,3544.147555,3542.932223,3543.643555,3544.094222,3549.11955,1,2.99999999999994,0.0299999999999997,7.00000000000003,1,2,66,0.5
43,3552.41288,3551.291548,3551.645547,3552.359547,3557.000875,0,2.99999999999994,0.0299999999999997,5.99999999999996,2,1,65,0.5
44,3559.974872,3557.988208,3558.387541,3559.921539,3562.673536,0,2.99999999999994,0.0299999999999997,5.99999999999996,2,1,65,0.5
45,3564.911534,3563.378869,3564.277535,3564.858201,3567.830865,1,2.99999999999994,0.0299999999999997,7.00000000000003,1,2,66,0.5
46,3569.767529,3568.552197,3569.216863,3569.714196,3573.298859,1,2.99999999999994,0.0299999999999997,7.00000000000003,1,2,66,0.5
47,3575.231524,3574.087525,3574.638191,3575.178191,3579.310186,1,2.99999999999994,0.0299999999999997,7.00000000000003,1,2,66,0.5
48,3581.864184,3580.034852,3580.485519,3581.861517,3585.17818,0,2.99999999999994,0.0299999999999997,5.99999999999996,2,1,65,0.5
49,3587.228178,3585.705513,3586.266179,3587.174845,3590.579508,0,2.99999999999994,0.0299999999999997,5.99999999999996,2,1,65,0.5
50,3592.761506,3591.368174,3591.786174,3592.708173,3597.238835,0,2.99999999999994,0.0299999999999997,5.99999999999996,2,1,65,0.5
51,3599.016167,3597.681501,3598.258834,3598.962833,3601.259498,1,2.99999999999994,0.0299999999999997,7.00000000000003,1,2,66,0.5
52,3602.875496,3601.957497,3602.410163,3602.875496,3609.032157,1,NaN,0,5.99999999999996,2,1,65,0.5
53,3617.129482,3615.771483,3616.502816,3617.076149,3620.079479,1,2.99999999999994,0.0299999999999997,7.00000000000003,1,2,66,0.5
54,3622.288143,3620.628145,3621.145478,3622.23481,3624.947474,0,2.99999999999994,0.0299999999999997,5.99999999999996,2,1,65,0.5
55,3626.889472,3625.67814,3626.078806,3626.836139,3630.607468,0,2.99999999999994,0.0299999999999997,5.99999999999996,2,1,65,0.5
56,3632.642133,3631.120801,3631.744134,3632.5888,3635.423464,1,2.99999999999994,0.0299999999999997,7.00000000000003,1,2,66,0.5
57,3637.173462,3636.031463,3636.646129,3637.120795,3639.404126,1,2.99999999999994,0.0299999999999997,7.00000000000003,1,2,66,0.5
58,3642.13479,3640.031459,3640.593458,3642.081457,3645.687453,0,2.99999999999994,0.0299999999999997,5.99999999999996,2,1,65,0.5
59,3647.498785,3646.216119,3646.879452,3647.445452,3649.894782,1,2.99999999999994,0.0299999999999997,7.00000000000003,1,2,66,0.5
60,3651.528114,3650.472782,3651.044781,3651.474781,3653.650779,1,2.99999999999994,0.0299999999999997,7.00000000000003,1,2,66,0.5
61,3655.345444,3654.285445,3654.882111,3655.29211,3657.756775,1,2.99999999999994,0.0299999999999997,7.00000000000003,1,2,66,0.5
62,3659.860106,3659.053441,3659.086107,3659.806773,3661.892104,0,2.99999999999994,0.0299999999999997,5.99999999999996,2,1,65,0.5
63,3663.910102,3662.575436,3663.221436,3663.856768,3666.350766,1,2.99999999999994,0.0299999999999997,7.00000000000003,1,2,66,0.5
64,3668.502097,3666.968099,3667.371432,3668.448764,3670.468762,0,2.99999999999994,0.0299999999999997,5.99999999999996,2,1,65,0.5
65,3672.254093,3670.928095,3671.634094,3672.20076,3674.676758,1,2.99999999999994,0.0299999999999997,7.00000000000003,1,2,66,0.5
66,3676.169423,3675.15609,3675.681423,3676.116756,3678.404754,1,2.99999999999994,0.0299999999999997,7.00000000000003,1,2,66,0.5
67,3680.463419,3678.950087,3679.348753,3680.410085,3682.713416,0,2.99999999999994,0.0299999999999997,5.99999999999996,2,1,65,0.5
68,3684.326081,3683.296082,3683.600082,3684.272748,3686.973412,0,2.99999999999994,0.0299999999999997,5.99999999999996,2,1,65,0.5
69,3689.496743,3688.252744,3688.772077,3689.44341,3691.814074,1,2.99999999999994,0.0299999999999997,7.00000000000003,1,2,66,0.5
70,3693.786739,3692.39874,3692.751406,3693.733405,3695.69207,0,2.99999999999994,0.0299999999999997,5.99999999999996,2,1,65,0.5
71,3697.615401,3696.451403,3697.032069,3697.562068,3699.578066,1,2.99999999999994,0.0299999999999997,7.00000000000003,1,2,66,0.5
72,3701.064065,3700.106066,3700.600732,3701.010731,3703.012729,1,2.99999999999994,0.0299999999999997,7.00000000000003,1,2,66,0.5
73,3704.122062,3703.480062,3703.738729,3704.122062,3710.370055,1,NaN,0,5.99999999999996,2,1,65,0.5
74,3712.375387,3711.089388,3711.514721,3712.375387,3715.412717,1,NaN,0,5.99999999999996,2,1,65,0.5
75,3721.042711,3720.080712,3720.493379,3720.989378,3723.410042,0,2.99999999999994,0.0299999999999997,5.99999999999996,2,1,65,0.5
76,3725.22804,3723.959375,3724.596708,3725.174707,3728.200704,1,2.99999999999994,0.0299999999999997,7.00000000000003,1,2,66,0.5
77,3729.804036,3728.666704,3729.068703,3729.750703,3732.2247,0,2.99999999999994,0.0299999999999997,5.99999999999996,2,1,65,0.5
78,3733.732699,3732.7307,3733.016033,3733.679365,3736.938029,0,2.99999999999994,0.0299999999999997,5.99999999999996,2,1,65,0.5
79,3738.772694,3737.697361,3738.177361,3738.772694,3854.696578,0,NaN,0,7.00000000000003,1,2,66,0.5
80,3857.031242,3855.42791,3856.038576,3857.028575,3859.386573,1,2.99999999999994,0.0299999999999997,7.00000000000003,1,2,66,0.5
81,3874.921891,3873.899225,3874.339225,3874.921891,3884.884547,1,NaN,0,5.99999999999996,2,1,65,0.5
82,3901.734531,3889.111877,3889.39121,NaN,3927.527838,NaN,NaN,0,5.99999999999996,2,1,65,0.5
83,3931.024501,3930.095169,3930.320502,3931.024501,3932.969833,1,NaN,0,5.99999999999996,2,1,65,0.5
84,3984.315115,3982.293117,3982.605783,3984.312448,3986.354446,0,2.99999999999994,0.0299999999999997,5.99999999999996,2,1,65,0.5
85,3988.576444,3987.027112,3987.342445,3988.573777,3990.743775,0,2.99999999999994,0.0299999999999997,5.99999999999996,2,1,65,0.5
86,3992.659106,3991.565774,3991.881774,3992.659106,3995.403104,1,NaN,0,5.99999999999996,2,1,65,0.5
87,4009.19709,4007.909758,4008.222424,4009.144423,4012.63042,0,2.99999999999994,0.0299999999999997,5.99999999999996,2,1,65,0.5
88,4042.23239,4040.874391,4041.429058,4042.179723,4044.367721,1,2.99999999999994,0.0299999999999997,7.00000000000003,1,2,66,0.5
89,4045.764387,4044.963721,4045.29372,4045.764387,4067.049699,1,NaN,0,5.99999999999996,2,1,65,0.5
90,4317.357448,4315.850783,4316.468116,4317.304115,4322.892776,1,2.99999999999994,0.0299999999999997,7.00000000000003,1,2,66,0.5
91,4340.532758,4338.729427,4339.10076,4340.479425,4343.553422,0,2.99999999999994,0.0299999999999997,5.99999999999996,2,1,65,0.5
92,4345.724087,4344.305421,4344.598088,4345.670753,4349.298083,0,2.99999999999994,0.0299999999999997,5.99999999999996,2,1,65,0.5
93,4352.62808,4350.124082,4350.372082,4352.574746,4357.470075,0,2.99999999999994,0.0299999999999997,5.99999999999996,2,1,65,0.5
94,4359.730073,4358.112074,4358.785407,4359.676739,4362.536736,1,2.99999999999994,0.0299999999999997,7.00000000000003,1,2,66,0.5
95,4364.312068,4363.216069,4363.766069,4364.258735,4366.482732,1,2.99999999999994,0.0299999999999997,7.00000000000003,1,2,66,0.5
96,4369.00073,4367.925398,4368.084731,4368.947397,4370.815395,0,2.99999999999994,0.0299999999999997,5.99999999999996,2,1,65,0.5
97,4372.511393,4371.450728,4371.760061,4372.45806,4376.353389,0,2.99999999999994,0.0299999999999997,5.99999999999996,2,1,65,0.5
98,4378.037388,4376.912055,4377.242055,4377.984054,4380.334052,0,2.99999999999994,0.0299999999999997,5.99999999999996,2,1,65,0.5
99,4382.406717,4381.045385,4381.756051,4382.353383,4384.218048,1,2.99999999999994,0.0299999999999997,7.00000000000003,1,2,66,0.5
100,4386.151379,4384.792048,4385.166047,4386.098046,4388.175377,0,2.99999999999994,0.0299999999999997,5.99999999999996,2,1,65,0.5
101,4389.697376,4388.743377,4389.050043,4389.644043,4392.135374,0,2.99999999999994,0.0299999999999997,5.99999999999996,2,1,65,0.5
102,4393.608705,4392.725373,4393.032706,4393.555372,4397.671368,0,2.99999999999994,0.0299999999999997,5.99999999999996,2,1,65,0.5
103,4400.040699,4398.865367,4399.442033,4399.987366,4402.07203,1,2.99999999999994,0.0299999999999997,7.00000000000003,1,2,66,0.5
104,4404.072028,4402.572696,4402.913363,4404.018695,4405.958026,0,2.99999999999994,0.0299999999999997,5.99999999999996,2,1,65,0.5
105,4407.784691,4406.587359,4407.158025,4407.731358,4411.087355,1,2.99999999999994,0.0299999999999997,7.00000000000003,1,2,66,0.5
106,4412.72802,4411.650021,4412.19202,4412.674686,4414.959351,1,2.99999999999994,0.0299999999999997,7.00000000000003,1,2,66,0.5
107,4417.460682,4415.480017,4415.88335,4417.407348,4419.086013,0,2.99999999999994,0.0299999999999997,5.99999999999996,2,1,65,0.5
108,4420.707345,4419.542013,4419.897346,4420.654012,4424.670008,0,2.99999999999994,0.0299999999999997,5.99999999999996,2,1,65,0.5
109,4426.266673,4425.19534,4425.520007,4426.213339,4428.164671,0,2.99999999999994,0.0299999999999997,5.99999999999996,2,1,65,0.5
110,4430.140669,4428.890003,4429.41667,4430.087336,4432.18,1,2.99999999999994,0.0299999999999997,7.00000000000003,1,2,66,0.5
111,4434.173331,4432.667333,4433.003333,4434.119998,4436.021996,0,2.99999999999994,0.0299999999999997,5.99999999999996,2,1,65,0.5
112,4437.921328,4436.617329,4437.259995,4437.867994,4440.414659,1,2.99999999999994,0.0299999999999997,7.00000000000003,1,2,66,0.5
113,4441.96199,4440.907325,4441.245324,4441.909324,4446.051986,0,2.99999999999994,0.0299999999999997,5.99999999999996,2,1,65,0.5
114,4447.743985,4446.503319,4447.147319,4447.690651,4450.601982,1,2.99999999999994,0.0299999999999997,7.00000000000003,1,2,66,0.5
115,4452.095314,4451.072648,4451.629314,4452.042647,4454.507978,1,2.99999999999994,0.0299999999999997,7.00000000000003,1,2,66,0.5
116,4456.282643,4455.048644,4455.411977,4456.229309,4458.891307,0,2.99999999999994,0.0299999999999997,5.99999999999996,2,1,65,0.5
117,4460.536638,4459.43664,4459.821306,4460.483305,4462.581303,0,2.99999999999994,0.0299999999999997,5.99999999999996,2,1,65,0.5
118,4464.565968,4463.377969,4463.963302,4464.512634,4467.435298,1,2.99999999999994,0.0299999999999997,7.00000000000003,1,2,66,0.5
119,4468.84463,4467.905298,4468.355964,4468.791297,4470.528628,1,2.99999999999994,0.0299999999999997,7.00000000000003,1,2,66,0.5
120,4472.289293,4471.039961,4471.399961,4472.23596,4474.934624,0,2.99999999999994,0.0299999999999997,5.99999999999996,2,1,65,0.5
121,4476.557956,4475.478623,4475.95129,4476.504622,4478.537954,1,2.99999999999994,0.0299999999999997,7.00000000000003,1,2,66,0.5
122,4479.975952,4478.99462,4479.29862,4479.922619,4482.17995,0,2.99999999999994,0.0299999999999997,5.99999999999996,2,1,65,0.5
123,4483.922615,4482.665283,4483.267282,4483.922615,4495.258604,0,NaN,0,7.00000000000003,1,2,66,0.5
124,4501.91593,4500.294599,4500.696598,4501.862597,4503.815262,0,2.99999999999994,0.0299999999999997,5.99999999999996,2,1,65,0.5
125,4505.73326,4504.585928,4505.117928,4505.679927,4507.555925,1,2.99999999999994,0.0299999999999997,7.00000000000003,1,2,66,0.5
126,4509.04659,4508.092591,4508.60859,4508.993257,4511.153921,1,2.99999999999994,0.0299999999999997,7.00000000000003,1,2,66,0.5
127,4512.38592,4511.655254,4511.958587,4512.38592,4519.614579,1,NaN,0,5.99999999999996,2,1,65,0.5
128,4530.283235,4529.203236,4529.505236,4530.229902,4536.510562,0,2.99999999999994,0.0299999999999997,5.99999999999996,2,1,65,0.5
129,4538.539894,4537.371228,4537.899894,4538.486561,4541.101225,1,2.99999999999994,0.0299999999999997,7.00000000000003,1,2,66,0.5
130,4542.663223,4541.699224,4542.178557,4542.60989,4544.694554,1,2.99999999999994,0.0299999999999997,7.00000000000003,1,2,66,0.5
131,4546.498552,4545.24722,4545.58322,4546.445219,4548.63055,0,2.99999999999994,0.0299999999999997,5.99999999999996,2,1,65,0.5
132,4550.299882,4549.163216,4549.724549,4550.246549,4552.475213,1,2.99999999999994,0.0299999999999997,7.00000000000003,1,2,66,0.5
133,4554.015878,4552.930546,4553.532545,4553.962545,4556.661876,1,2.99999999999994,0.0299999999999997,7.00000000000003,1,2,66,0.5
134,4558.061874,4557.127209,4557.584541,4558.008541,4559.961872,1,2.99999999999994,0.0299999999999997,7.00000000000003,1,2,66,0.5
135,4561.519871,4560.393205,4560.721872,4561.466538,4564.001202,0,2.99999999999994,0.0299999999999997,5.99999999999996,2,1,65,0.5
136,4565.358534,4564.539201,4564.865867,4565.3052,4568.325864,0,2.99999999999994,0.0299999999999997,5.99999999999996,2,1,65,0.5
137,4569.772529,4568.70453,4569.04653,4569.769863,4572.077194,0,2.99999999999994,0.0299999999999997,5.99999999999996,2,1,65,0.5
138,4574.132525,4572.880526,4573.483192,4574.079192,4576.931855,1,2.99999999999994,0.0299999999999997,7.00000000000003,1,2,66,0.5
139,4578.339854,4577.414522,4577.852521,4578.286521,4580.117852,1,2.99999999999994,0.0299999999999997,7.00000000000003,1,2,66,0.5
140,4583.455182,4582.258517,4582.53985,4583.401849,4585.323847,0,2.99999999999994,0.0299999999999997,5.99999999999996,2,1,65,0.5
141,4586.870512,4585.767847,4586.301179,4586.817179,4588.77651,1,2.99999999999994,0.0299999999999997,7.00000000000003,1,2,66,0.5
142,4590.279175,4589.257843,4589.786509,4590.225842,4591.776507,1,2.99999999999994,0.0299999999999997,7.00000000000003,1,2,66,0.5
143,4593.232506,4592.229173,4592.735173,4593.179172,4595.172504,1,2.99999999999994,0.0299999999999997,7.00000000000003,1,2,66,0.5
144,4597.017835,4595.639837,4595.966503,4596.964502,4598.993167,0,2.99999999999994,0.0299999999999997,5.99999999999996,2,1,65,0.5
145,4600.350499,4599.535166,4599.811832,4600.297165,4602.342497,0,2.99999999999994,0.0299999999999997,5.99999999999996,2,1,65,0.5
146,4604.079162,4602.951163,4603.499162,4604.025828,4606.152493,1,2.99999999999994,0.0299999999999997,7.00000000000003,1,2,66,0.5
147,4607.713825,4606.606492,4606.907159,4607.660491,4609.652489,0,2.99999999999994,0.0299999999999997,5.99999999999996,2,1,65,0.5
148,4610.925821,4610.117822,4610.395155,4610.923155,4613.348486,0,2.99999999999994,0.0299999999999997,5.99999999999996,2,1,65,0.5
149,4615.259817,4613.910485,4614.433151,4615.259817,4617.739815,0,NaN,0,7.00000000000003,1,2,66,0.5
150,4623.817809,4622.186477,4622.750476,4623.817809,4624.165808,0,NaN,0,7.00000000000003,1,2,66,0.5
151,4671.611094,4670.479762,4670.759095,4671.557761,4753.885678,1,2.99999999999994,0.0299999999999997,7.00000000000003,1,2,66,0.5
152,4761.965004,4760.561005,4761.073005,4761.962337,4769.00433,1,2.99999999999994,0.0299999999999997,7.00000000000003,1,2,66,0.5
153,4775.478324,4774.415658,4774.861657,4775.42499,4777.906321,1,2.99999999999994,0.0299999999999997,7.00000000000003,1,2,66,0.5
154,4779.852986,4778.482987,4778.801654,4779.799653,4782.80165,0,2.99999999999994,0.0299999999999997,5.99999999999996,2,1,65,0.5
155,4784.548314,4783.450982,4783.725649,4784.494981,4792.144974,0,2.99999999999994,0.0299999999999997,5.99999999999996,2,1,65,0.5
156,4794.941637,4793.873638,4794.198971,4794.888304,4796.531636,1,2.99999999999994,0.0299999999999997,7.00000000000003,1,2,66,0.5
157,4799.417633,4798.416967,4798.787634,4799.3643,4801.046298,1,2.99999999999994,0.0299999999999997,7.00000000000003,1,2,66,0.5
158,4802.883629,4801.97563,4802.34163,4802.830296,4804.534294,1,2.99999999999994,0.0299999999999997,7.00000000000003,1,2,66,0.5
159,4806.197626,4804.992961,4805.300294,4806.144293,4807.818291,0,2.99999999999994,0.0299999999999997,5.99999999999996,2,1,65,0.5
160,4809.511623,4808.441624,4808.955623,4809.45829,4811.049622,1,2.99999999999994,0.0299999999999997,7.00000000000003,1,2,66,0.5
161,4812.644286,4811.520287,4811.814954,4812.590953,4814.762951,0,2.99999999999994,0.0299999999999997,5.99999999999996,2,1,65,0.5
162,4817.000949,4815.355617,4816.210949,4816.947615,4818.48228,1,2.99999999999994,0.0299999999999997,7.00000000000003,1,2,66,0.5
163,4820.057612,4819.219613,4819.649613,4820.004279,4822.112944,1,2.99999999999994,0.0299999999999997,7.00000000000003,1,2,66,0.5
164,4823.512275,4822.644943,4823.024943,4823.458942,4825.340274,1,2.99999999999994,0.0299999999999997,7.00000000000003,1,2,66,0.5
165,4827.416938,4825.813606,4826.11894,4827.363605,4829.522936,0,2.99999999999994,0.0299999999999997,5.99999999999996,2,1,65,0.5
166,4830.992268,4829.887602,4830.447602,4830.938935,4833.024933,1,2.99999999999994,0.0299999999999997,7.00000000000003,1,2,66,0.5
167,4834.530264,4833.442266,4833.703599,4834.476931,4836.277596,0,2.99999999999994,0.0299999999999997,5.99999999999996,2,1,65,0.5
168,4837.712928,4836.960262,4837.242262,4837.659595,4840.843591,0,2.99999999999994,0.0299999999999997,5.99999999999996,2,1,65,0.5
169,4842.30159,4841.304924,4841.593591,4842.30159,4916.642182,1,NaN,0,5.99999999999996,2,1,65,0.5
170,4920.482178,4919.387513,4919.813513,4920.428845,4922.542176,1,2.99999999999994,0.0299999999999997,7.00000000000003,1,2,66,0.5
171,4924.102842,4923.182842,4923.560175,4924.049508,4925.702173,1,2.99999999999994,0.0299999999999997,7.00000000000003,1,2,66,0.5
172,4927.184172,4926.200173,4926.464173,4927.130839,4930.193503,0,2.99999999999994,0.0299999999999997,5.99999999999996,2,1,65,0.5
173,4931.563501,4930.763502,4931.052168,4931.510167,4934.704831,0,2.99999999999994,0.0299999999999997,5.99999999999996,2,1,65,0.5
174,4936.366163,4935.356164,4935.637497,4936.363496,4938.416161,0,2.99999999999994,0.0299999999999997,5.99999999999996,2,1,65,0.5
175,4940.318159,4939.30416,4939.778159,4940.318159,4948.75215,0,NaN,0,7.00000000000003,1,2,66,0.5
176,4968.631464,4967.511465,4967.992798,4968.57813,5192.577906,1,2.99999999999994,0.0299999999999997,7.00000000000003,1,2,66,0.5
177,5206.187893,5205.377894,5205.697227,5206.187893,5226.395206,1,NaN,0,5.99999999999996,2,1,65,0.5
178,5229.170536,5228.109204,5228.370537,5229.170536,5229.351203,1,NaN,0,5.99999999999996,2,1,65,0.5
179,5239.638526,5238.425861,5238.69386,5239.635859,7367.395065,0,2.99999999999994,0.0299999999999997,5.99999999999996,2,1,65,0.5
180,7370.112396,7369.302396,7369.350396,7370.059062,9099.361333,1,2.99999999999994,0.0299999999999997,7.00000000000003,1,2,66,0.5
181,9208.911223,9206.899225,9207.513891,9208.908557,9210.322555,1,2.99999999999994,0.0299999999999997,7.00000000000003,1,2,66,0.5
182,9226.079873,9213.457219,9213.750552,NaN,9682.719416,NaN,NaN,0,5.99999999999996,2,1,65,0.5
183,9685.042747,9683.546749,9683.998748,9684.989414,9708.297391,1,2.99999999999994,0.0299999999999997,7.00000000000003,1,2,66,0.5
184,9728.161371,9726.904705,9727.220038,9728.108038,9737.918028,0,2.99999999999994,0.0299999999999997,5.99999999999996,2,1,65,0.5
185,9741.689357,9740.212692,9740.749358,9741.636024,9743.407356,1,2.99999999999994,0.0299999999999997,7.00000000000003,1,2,66,0.5
186,9746.016686,9744.602021,9744.938687,9746.01402,9746.838685,0,2.99999999999994,0.0299999999999997,5.99999999999996,2,1,65,0.5
187,9808.566624,9796.373969,9796.431969,9808.51329,9812.701286,0,2.99999999999994,0.0299999999999997,5.99999999999996,2,1,65,0.5
188,9815.22595,9813.934618,9813.971952,9815.172617,9818.034614,0,2.99999999999994,0.0299999999999997,5.99999999999996,2,1,65,0.5
189,9820.207279,9819.025947,9819.515279,9820.153945,9822.521943,1,2.99999999999994,0.0299999999999997,7.00000000000003,1,2,66,0.5
190,9830.162602,9829.35927,9829.611936,9830.162602,10202.60023,1,NaN,0,5.99999999999996,2,1,65,0.5
191,10207.131559,10205.90956,10206.158893,10207.078225,10209.738889,1,2.99999999999994,0.0299999999999997,7.00000000000003,1,2,66,0.5
192,10216.662216,10215.390884,10215.74355,10216.608882,11537.059562,0,2.99999999999994,0.0299999999999997,5.99999999999996,2,1,65,0.5
193,11545.54222,11543.454889,11543.706222,11544.990887,11615.182817,0,NaN,0,5.99999999999996,2,1,65,0.5
194,12194.191571,12192.08224,12192.62224,12194.191571,12194.775571,0,NaN,0,7.00000000000003,1,2,66,0.5
195,12247.566851,12235.29353,12235.770197,NaN,12254.831511,NaN,NaN,0,7.00000000000003,1,2,66,0.5
196,12263.728169,12262.16817,12262.868836,12263.674835,12266.0935,1,2.99999999999994,0.0299999999999997,7.00000000000003,1,2,66,0.5
197,12272.438827,12269.882829,12270.126162,12272.385493,12274.673491,0,2.99999999999994,0.0299999999999997,5.99999999999996,2,1,65,0.5
198,12279.694153,12276.80949,12277.414822,12279.640819,12284.079482,1,2.99999999999994,0.0299999999999997,7.00000000000003,1,2,66,0.5
199,12287.206145,12286.032146,12286.316146,12287.206145,12353.008746,1,NaN,0,5.99999999999996,2,1,65,0.5
200,12357.602075,12355.886743,12356.189409,12357.548741,12359.881406,1,2.99999999999994,0.0299999999999997,7.00000000000003,1,2,66,0.5
201,12362.583403,12360.772738,12361.128071,12362.53007,12366.996065,0,2.99999999999994,0.0299999999999997,5.99999999999996,2,1,65,0.5
202,12369.368063,12368.143397,12368.656064,12369.315396,12371.292728,1,2.99999999999994,0.0299999999999997,7.00000000000003,1,2,66,0.5
203,12373.472726,12371.981394,12372.36806,12373.419392,12375.007391,0,2.99999999999994,0.0299999999999997,5.99999999999996,2,1,65,0.5
204,12377.336722,12375.872723,12376.140056,12377.334055,12383.975382,0,2.99999999999994,0.0299999999999997,5.99999999999996,2,1,65,0.5
205,12386.218046,12384.837381,12385.160047,12386.164713,12388.856043,0,2.99999999999994,0.0299999999999997,5.99999999999996,2,1,65,0.5
206,12390.961375,12389.819376,12390.291375,12390.908041,12394.289371,1,2.99999999999994,0.0299999999999997,7.00000000000003,1,2,66,0.5
207,12396.662702,12395.634703,12396.138703,12396.609369,12397.676035,1,2.99999999999994,0.0299999999999997,7.00000000000003,1,2,66,0.5
208,12400.135366,12398.584034,12398.9627,12400.082032,12403.722029,0,2.99999999999994,0.0299999999999997,5.99999999999996,2,1,65,0.5
209,12405.890027,12404.611361,12404.953361,12405.88736,12407.886024,0,2.99999999999994,0.0299999999999997,5.99999999999996,2,1,65,0.5
210,12409.812022,12408.68869,12409.152023,12409.758689,12412.473353,1,2.99999999999994,0.0299999999999997,7.00000000000003,1,2,66,0.5
211,12414.048018,12413.078019,12413.504019,12413.994685,12416.134016,1,2.99999999999994,0.0299999999999997,7.00000000000003,1,2,66,0.5
212,12418.123348,12416.773349,12417.099349,12418.120681,12420.282012,0,2.99999999999994,0.0299999999999997,5.99999999999996,2,1,65,0.5
213,12422.12401,12420.926678,12421.470677,12422.070677,12424.162008,1,2.99999999999994,0.0299999999999997,7.00000000000003,1,2,66,0.5
214,12426.004006,12424.710674,12425.064674,12426.00134,12428.276004,0,2.99999999999994,0.0299999999999997,5.99999999999996,2,1,65,0.5
215,12429.949336,12428.834003,12429.317336,12429.896002,12431.989334,1,2.99999999999994,0.0299999999999997,7.00000000000003,1,2,66,0.5
216,12433.774665,12432.514666,12432.816667,12433.721332,12434.577998,0,2.99999999999994,0.0299999999999997,5.99999999999996,2,1,65,0.5
217,12436.209329,12435.243997,12435.53733,12436.206663,12438.61066,0,2.99999999999994,0.0299999999999997,5.99999999999996,2,1,65,0.5
218,12440.297992,12439.375993,12439.679326,12440.244659,12444.645321,0,2.99999999999994,0.0299999999999997,5.99999999999996,2,1,65,0.5
219,12446.385319,12445.21732,12445.722653,12446.331986,12449.133983,1,2.99999999999994,0.0299999999999997,7.00000000000003,1,2,66,0.5
220,12450.641982,12449.727316,12450.181982,12450.588648,12452.837979,1,2.99999999999994,0.0299999999999997,7.00000000000003,1,2,66,0.5
221,12454.882644,12453.533979,12453.906645,12454.879977,12456.952642,0,2.99999999999994,0.0299999999999997,5.99999999999996,2,1,65,0.5
222,12458.675974,12457.906641,12458.039308,12458.62264,12460.389972,1,2.99999999999994,0.0299999999999997,7.00000000000003,1,2,66,0.5
223,12461.789971,12460.875971,12461.329304,12461.736637,12464.501301,1,2.99999999999994,0.0299999999999997,7.00000000000003,1,2,66,0.5
224,12466.0253,12465.131301,12465.552633,12465.971966,12468.275297,1,2.99999999999994,0.0299999999999997,7.00000000000003,1,2,66,0.5
225,12470.649295,12468.763964,12469.12263,12470.595962,12472.553293,0,2.99999999999994,0.0299999999999997,5.99999999999996,2,1,65,0.5
226,12474.145958,12473.081293,12473.516625,12474.092625,12476.143956,1,2.99999999999994,0.0299999999999997,7.00000000000003,1,2,66,0.5
227,12477.564621,12476.705289,12477.078622,12477.511288,12479.896619,1,2.99999999999994,0.0299999999999997,7.00000000000003,1,2,66,0.5
228,12481.284618,12480.467952,12480.846618,12481.231284,12483.969949,1,2.99999999999994,0.0299999999999997,7.00000000000003,1,2,66,0.5
229,12485.329952,12484.504614,12484.803947,12485.329952,12488.503944,1,NaN,0,5.99999999999996,2,1,65,0.5
230,12492.325273,12491.374608,12491.734607,12492.27194,12494.965271,0,2.99999999999994,0.0299999999999997,5.99999999999996,2,1,65,0.5
231,12496.699269,12495.68927,12495.95727,12496.645936,12498.4706,0,2.99999999999994,0.0299999999999997,5.99999999999996,2,1,65,0.5
232,12500.342599,12499.191933,12499.601266,12500.342599,12507.349258,0,NaN,0,7.00000000000003,1,2,66,0.5
233,12514.727918,12513.491252,12514.085918,12514.674584,12516.997915,1,2.99999999999994,0.0299999999999997,7.00000000000003,1,2,66,0.5
234,12518.505914,12517.567915,12518.047914,12518.452581,12520.727245,1,2.99999999999994,0.0299999999999997,7.00000000000003,1,2,66,0.5
235,12522.54191,12521.184578,12521.517911,12522.488576,12524.313908,0,2.99999999999994,0.0299999999999997,5.99999999999996,2,1,65,0.5
236,12525.866573,12524.867907,12525.137241,12525.81324,12526.993905,0,2.99999999999994,0.0299999999999997,5.99999999999996,2,1,65,0.5
237,12528.98057,12527.975904,12528.289904,12528.977903,12530.969901,0,2.99999999999994,0.0299999999999997,5.99999999999996,2,1,65,0.5
238,12532.784566,12531.635234,12532.143233,12532.731233,12534.792564,1,2.99999999999994,0.0299999999999997,7.00000000000003,1,2,66,0.5
239,12536.741229,12535.370564,12535.668563,12536.687896,12538.837227,0,2.99999999999994,0.0299999999999997,5.99999999999996,2,1,65,0.5
240,12540.539225,12539.473226,12539.759893,12540.485892,12542.169223,0,2.99999999999994,0.0299999999999997,5.99999999999996,2,1,65,0.5
241,12544.501221,12543.408556,12543.887888,12544.447888,12546.660552,1,2.99999999999994,0.0299999999999997,7.00000000000003,1,2,66,0.5
242,12548.023884,12547.195885,12547.525218,12548.023884,12786.152313,1,NaN,0,5.99999999999996,2,1,65,0.5
243,12791.794974,12790.462975,12790.964975,12791.741641,12795.038304,1,2.99999999999994,0.0299999999999997,7.00000000000003,1,2,66,0.5
244,12797.190302,12795.70097,12796.05897,12797.136968,12799.863632,0,2.99999999999994,0.0299999999999997,5.99999999999996,2,1,65,0.5
245,12801.727631,12800.639632,12800.894965,12801.724964,12805.056961,0,2.99999999999994,0.0299999999999997,5.99999999999996,2,1,65,0.5
246,12806.787626,12805.72096,12805.977626,12806.734292,12810.420955,0,2.99999999999994,0.0299999999999997,5.99999999999996,2,1,65,0.5
247,12813.325619,12812.07362,12812.554953,12813.322952,12815.325617,1,2.99999999999994,0.0299999999999997,7.00000000000003,1,2,66,0.5
248,12817.040282,12816.020283,12816.465616,12816.986949,12819.001613,1,2.99999999999994,0.0299999999999997,7.00000000000003,1,2,66,0.5
249,12820.563612,12819.610946,12820.068279,12820.510278,12822.554276,1,2.99999999999994,0.0299999999999997,7.00000000000003,1,2,66,0.5
250,12824.478275,12823.153609,12823.473609,12824.424941,12826.542939,0,2.99999999999994,0.0299999999999997,5.99999999999996,2,1,65,0.5
251,12828.542937,12827.470938,12827.726938,12828.489604,12830.472269,0,2.99999999999994,0.0299999999999997,5.99999999999996,2,1,65,0.5
252,12832.266933,12831.116268,12831.556267,12832.2136,12834.143598,1,2.99999999999994,0.0299999999999997,7.00000000000003,1,2,66,0.5
253,12836.325596,12834.849597,12835.146931,12836.322929,12838.341594,0,2.99999999999994,0.0299999999999997,5.99999999999996,2,1,65,0.5
254,12852.288247,12851.308914,12851.534247,12852.234913,12854.886244,1,2.99999999999994,0.0299999999999997,7.00000000000003,1,2,66,0.5
255,12856.521576,12855.490911,12855.78091,12856.468909,12858.671574,0,2.99999999999994,0.0299999999999997,5.99999999999996,2,1,65,0.5
256,12860.382239,12859.398906,12859.646239,12860.328905,12862.03157,0,2.99999999999994,0.0299999999999997,5.99999999999996,2,1,65,0.5
257,12864.022902,12862.898903,12863.357569,12863.969568,12866.053566,1,2.99999999999994,0.0299999999999997,7.00000000000003,1,2,66,0.5
258,12867.940231,12866.744232,12867.016899,12867.886898,12869.725563,0,2.99999999999994,0.0299999999999997,5.99999999999996,2,1,65,0.5
259,12871.276894,12870.306895,12870.576228,12871.223561,12872.872226,0,2.99999999999994,0.0299999999999997,5.99999999999996,2,1,65,0.5
260,12874.668891,12873.573559,12874.016225,12874.615558,12877.390889,1,2.99999999999994,0.0299999999999997,7.00000000000003,1,2,66,0.5
261,12878.962887,12877.990888,12878.442887,12878.909553,12880.554885,1,2.99999999999994,0.0299999999999997,7.00000000000003,1,2,66,0.5
262,12882.144217,12881.088885,12881.388884,12882.138217,12884.382881,0,2.99999999999994,0.0299999999999997,5.99999999999996,2,1,65,0.5
263,12886.284879,12885.104881,12885.507547,12886.284879,12889.168876,0,NaN,0,7.00000000000003,1,2,66,0.5
264,12899.103533,12897.908201,12898.440201,12899.050867,12900.801532,1,2.99999999999994,0.0299999999999997,7.00000000000003,1,2,66,0.5
265,12902.658196,12901.362864,12901.710864,12902.604863,12904.207528,0,2.99999999999994,0.0299999999999997,5.99999999999996,2,1,65,0.5
266,12906.204859,12905.40086,12905.62086,12906.151526,12908.132858,1,2.99999999999994,0.0299999999999997,7.00000000000003,1,2,66,0.5
267,12909.570856,12908.70819,12909.113523,12909.517523,12911.474854,1,2.99999999999994,0.0299999999999997,7.00000000000003,1,2,66,0.5
268,12912.957519,12912.022854,12912.478186,12912.904186,12915.044851,1,2.99999999999994,0.0299999999999997,7.00000000000003,1,2,66,0.5
269,12916.778849,12915.626183,12915.96085,12916.762849,12918.891514,0,2.99999999999994,0.0299999999999997,5.99999999999996,2,1,65,0.5
270,12920.868178,12919.553513,12920.084846,12920.868178,12921.960177,0,NaN,0,7.00000000000003,1,2,66,0.5
271,12993.636105,12992.42944,12992.862106,12993.633439,12996.538769,1,2.99999999999994,0.0299999999999997,7.00000000000003,1,2,66,0.5
272,12998.181434,12997.186768,12997.642101,12998.128101,13000.500765,1,2.99999999999994,0.0299999999999997,7.00000000000003,1,2,66,0.5
273,13002.048097,13001.197431,13001.585431,13001.994764,13004.856094,1,2.99999999999994,0.0299999999999997,7.00000000000003,1,2,66,0.5
274,13006.330093,13005.472094,13005.850093,13006.276759,13007.551425,1,2.99999999999994,0.0299999999999997,7.00000000000003,1,2,66,0.5
275,13009.419423,13008.071424,13008.440091,13009.36609,13010.992088,0,2.99999999999994,0.0299999999999997,5.99999999999996,2,1,65,0.5
276,13020.170745,13019.216746,13019.504746,13020.117412,13022.802076,0,2.99999999999994,0.0299999999999997,5.99999999999996,2,1,65,0.5
277,13026.06274,13024.322075,13024.854741,13026.009406,13028.042738,1,2.99999999999994,0.0299999999999997,7.00000000000003,1,2,66,0.5
278,13029.541403,13028.622737,13029.002737,13029.488069,13031.732734,1,2.99999999999994,0.0299999999999997,7.00000000000003,1,2,66,0.5
279,13033.123399,13032.260067,13032.638733,13033.070066,13035.110731,1,2.99999999999994,0.0299999999999997,7.00000000000003,1,2,66,0.5
280,13036.767396,13035.547397,13035.87673,13036.714062,13038.746727,0,2.99999999999994,0.0299999999999997,5.99999999999996,2,1,65,0.5
281,13040.061392,13039.317393,13039.550726,13040.008059,13042.58539,0,2.99999999999994,0.0299999999999997,5.99999999999996,2,1,65,0.5
282,13044.457388,13043.376056,13043.815388,13044.457388,13047.234718,0,NaN,0,7.00000000000003,1,2,66,0.5
283,13543.709555,13541.656891,13542.11089,13543.709555,13563.416202,0,NaN,0,7.00000000000003,1,2,66,0.5
284,13566.683532,13565.100201,13565.5842,13566.630199,13567.611531,1,2.99999999999994,0.0299999999999997,7.00000000000003,1,2,66,0.5
285,13569.398196,13568.308197,13568.650864,13569.39553,13572.416193,1,2.99999999999994,0.0299999999999997,7.00000000000003,1,2,66,0.5
286,13574.264191,13573.288859,13573.634192,13574.210858,13576.752856,1,2.99999999999994,0.0299999999999997,7.00000000000003,1,2,66,0.5
287,13578.608854,13577.376855,13577.684188,13578.55552,13579.557519,0,2.99999999999994,0.0299999999999997,5.99999999999996,2,1,65,0.5
288,13581.179518,13580.149519,13580.498852,13581.179518,13611.140821,0,NaN,0,7.00000000000003,1,2,66,0.5
289,13636.06013,13634.881464,13635.37613,13636.006796,13641.502791,1,2.99999999999994,0.0299999999999997,7.00000000000003,1,2,66,0.5
290,13643.519455,13642.418123,13642.867456,13643.466122,13645.556787,1,2.99999999999994,0.0299999999999997,7.00000000000003,1,2,66,0.5
291,13647.034119,13646.104786,13646.530119,13646.980785,13649.134116,1,2.99999999999994,0.0299999999999997,7.00000000000003,1,2,66,0.5
292,13650.622782,13649.666783,13650.144782,13650.569448,13652.54278,1,2.99999999999994,0.0299999999999997,7.00000000000003,1,2,66,0.5
293,13654.032778,13653.040113,13653.502779,13653.979445,13655.991443,1,2.99999999999994,0.0299999999999997,7.00000000000003,1,2,66,0.5
294,13657.975441,13656.429443,13656.772109,13657.922108,13659.564106,0,2.99999999999994,0.0299999999999997,5.99999999999996,2,1,65,0.5
295,13661.211438,13660.148105,13660.464772,13661.158104,13663.388769,0,2.99999999999994,0.0299999999999997,5.99999999999996,2,1,65,0.5
296,13665.375434,13664.136102,13664.626768,13665.375434,13666.0061,0,NaN,0,7.00000000000003,1,2,66,0.5
297,13677.169422,13676.070756,13676.536089,13677.116089,13679.348753,1,2.99999999999994,0.0299999999999997,7.00000000000003,1,2,66,0.5
298,13680.724085,13679.875419,13680.230085,13680.670752,13682.431417,1,2.99999999999994,0.0299999999999997,7.00000000000003,1,2,66,0.5
299,13683.942082,13682.840083,13683.108749,13683.939415,13685.645413,0,2.99999999999994,0.0299999999999997,5.99999999999996,2,1,65,0.5
300,13687.625411,13686.700079,13687.003412,13687.572078,13689.505409,1,2.99999999999994,0.0299999999999997,7.00000000000003,1,2,66,0.5
301,13691.172741,13690.043409,13690.309409,13691.119408,13693.208072,0,2.99999999999994,0.0299999999999997,5.99999999999996,2,1,65,0.5
302,13694.738071,13693.797405,13694.054072,13694.684738,13696.502069,0,2.99999999999994,0.0299999999999997,5.99999999999996,2,1,65,0.5
303,13698.084068,13697.178735,13697.529401,13698.084068,13698.666734,0,NaN,0,7.00000000000003,1,2,66,0.5
304,13715.37405,13713.998052,13714.346051,13715.37405,13777.457988,0,NaN,0,7.00000000000003,1,2,66,0.5
305,13784.361315,13783.227982,13783.611315,13784.361315,13787.799978,0,NaN,0,7.00000000000003,1,2,66,0.5
306,13791.609974,13790.169309,13790.567308,13791.609974,13800.989298,0,NaN,0,7.00000000000003,1,2,66,0.5
307,13802.951963,13801.805964,13802.26663,13802.949296,13807.184625,1,2.99999999999994,0.0299999999999997,7.00000000000003,1,2,66,0.5
308,13808.74929,13807.801958,13808.218624,13808.695957,13809.878622,1,2.99999999999994,0.0299999999999997,7.00000000000003,1,2,66,0.5
309,13811.685954,13810.313289,13810.648622,13811.683287,13813.721952,0,2.99999999999994,0.0299999999999997,5.99999999999996,2,1,65,0.5
310,13815.41395,13814.279951,13814.693951,13815.41395,13832.3986,0,NaN,0,7.00000000000003,1,2,66,0.5
311,13886.306546,13885.224547,13885.658547,13886.253213,13888.696544,1,2.99999999999994,0.0299999999999997,7.00000000000003,1,2,66,0.5
312,13892.999206,13891.730541,13892.01254,13892.945873,13894.942537,0,2.99999999999994,0.0299999999999997,5.99999999999996,2,1,65,0.5
313,13896.497202,13895.50187,13895.88387,13896.443869,13898.828533,1,2.99999999999994,0.0299999999999997,7.00000000000003,1,2,66,0.5
314,13900.745198,13899.434533,13899.740533,13900.742532,13902.641196,0,2.99999999999994,0.0299999999999997,5.99999999999996,2,1,65,0.5
315,13903.967195,13903.199862,13903.475862,13903.913862,13906.120526,0,2.99999999999994,0.0299999999999997,5.99999999999996,2,1,65,0.5
316,13908.306524,13907.389192,13907.654525,13908.253191,13910.557855,0,2.99999999999994,0.0299999999999997,5.99999999999996,2,1,65,0.5
317,13912.26852,13911.157188,13911.646521,13912.215187,13914.209851,1,2.99999999999994,0.0299999999999997,7.00000000000003,1,2,66,0.5
318,13916.619182,13915.291184,13915.57585,13916.565849,13918.246514,0,2.99999999999994,0.0299999999999997,5.99999999999996,2,1,65,0.5
319,13919.839179,13918.796513,13919.256513,13919.785846,13921.646511,1,2.99999999999994,0.0299999999999997,7.00000000000003,1,2,66,0.5
320,13923.182509,13922.315843,13922.689176,13923.129176,13925.64784,1,2.99999999999994,0.0299999999999997,7.00000000000003,1,2,66,0.5
321,13927.155838,13926.188506,13926.689839,13927.102505,13929.900502,1,2.99999999999994,0.0299999999999997,7.00000000000003,1,2,66,0.5
322,13931.733167,13930.392502,13930.703168,13931.730501,13933.803165,0,2.99999999999994,0.0299999999999997,5.99999999999996,2,1,65,0.5
323,13935.537831,13934.363165,13934.799831,13935.537831,13935.93983,0,NaN,0,7.00000000000003,1,2,66,0.5
324,13945.729153,13944.804488,13945.073821,13945.729153,13955.724477,1,NaN,0,5.99999999999996,2,1,65,0.5
325,13958.339807,13956.838475,13957.177142,13958.286474,13960.977805,0,2.99999999999994,0.0299999999999997,5.99999999999996,2,1,65,0.5
326,13962.583803,13961.476471,13961.987137,13962.53047,13964.005135,1,2.99999999999994,0.0299999999999997,7.00000000000003,1,2,66,0.5
327,13965.768467,13964.476468,13964.800468,13965.7658,13967.827798,0,2.99999999999994,0.0299999999999997,5.99999999999996,2,1,65,0.5
328,13969.697796,13968.387131,13968.899797,13969.697796,14018.270414,0,NaN,0,7.00000000000003,1,2,66,0.5
329,14075.174357,14062.551703,14062.778369,NaN,NaN,NaN,NaN,0,7.00000000000003,1,2,66,0.5
330,14201.509564,14199.900899,14200.454899,14201.456231,14203.668229,1,2.99999999999994,0.0299999999999997,7.00000000000003,1,2,66,0.5
331,14205.89956,14204.558228,14204.820227,14205.896893,14208.623557,0,2.99999999999994,0.0299999999999997,5.99999999999996,2,1,65,0.5
332,14210.366889,14209.23489,14209.618889,14210.366889,14210.926888,0,NaN,0,7.00000000000003,1,2,66,0.5
333,14230.456202,14229.01087,14229.34287,14230.456202,14245.838853,0,NaN,0,7.00000000000003,1,2,66,0.5
334,14249.647516,14248.640184,14249.108184,14249.594183,14256.692176,1,2.99999999999994,0.0299999999999997,7.00000000000003,1,2,66,0.5
335,14258.593507,14257.590841,14258.034841,14258.540174,14260.408839,1,2.99999999999994,0.0299999999999997,7.00000000000003,1,2,66,0.5
336,14261.91017,14261.028838,14261.442838,14261.856837,14263.706169,1,2.99999999999994,0.0299999999999997,7.00000000000003,1,2,66,0.5
337,14265.410834,14264.294835,14264.578834,14265.3575,14267.278832,0,2.99999999999994,0.0299999999999997,5.99999999999996,2,1,65,0.5
338,14268.683497,14267.904164,14268.180164,14268.630164,14271.040828,0,2.99999999999994,0.0299999999999997,5.99999999999996,2,1,65,0.5
339,14272.986159,14271.799494,14272.092827,14272.932826,14274.577491,0,2.99999999999994,0.0299999999999997,5.99999999999996,2,1,65,0.5
340,14276.426823,14275.31149,14275.756157,14276.374156,14277.827488,1,2.99999999999994,0.0299999999999997,7.00000000000003,1,2,66,0.5
341,14279.777486,14278.867487,14279.273486,14279.774819,14281.608151,1,2.99999999999994,0.0299999999999997,7.00000000000003,1,2,66,0.5
342,14283.060816,14282.168817,14282.58215,14283.007483,14285.696147,1,2.99999999999994,0.0299999999999997,7.00000000000003,1,2,66,0.5
343,14287.514145,14286.170813,14286.474812,14287.460812,14289.09081,0,2.99999999999994,0.0299999999999997,5.99999999999996,2,1,65,0.5
344,14290.552808,14289.628143,14289.905476,14290.499475,14292.46814,0,2.99999999999994,0.0299999999999997,5.99999999999996,2,1,65,0.5
345,14293.936138,14293.045473,14293.305472,14293.933472,14295.678137,0,2.99999999999994,0.0299999999999997,5.99999999999996,2,1,65,0.5
346,14297.534801,14296.420136,14296.751469,14297.534801,14303.518129,0,NaN,0,7.00000000000003,1,2,66,0.5
347,14305.282794,14304.205461,14304.695461,14305.22946,14307.028125,1,2.99999999999994,0.0299999999999997,7.00000000000003,1,2,66,0.5
348,14309.10279,14307.597458,14307.932791,14309.049457,14311.500121,0,2.99999999999994,0.0299999999999997,5.99999999999996,2,1,65,0.5
349,14312.902786,14312.065454,14312.30612,14312.849453,14314.814118,0,2.99999999999994,0.0299999999999997,5.99999999999996,2,1,65,0.5
350,14316.737449,14315.49745,14316.07545,14316.684116,14318.853447,1,2.99999999999994,0.0299999999999997,7.00000000000003,1,2,66,0.5
351,14320.722112,14319.534779,14319.858112,14320.668778,14322.352777,0,2.99999999999994,0.0299999999999997,5.99999999999996,2,1,65,0.5
352,14323.810775,14322.888109,14323.147442,14323.808108,14326.368106,0,2.99999999999994,0.0299999999999997,5.99999999999996,2,1,65,0.5
353,14328.166771,14327.116772,14327.589438,14328.113438,14330.197435,1,2.99999999999994,0.0299999999999997,7.00000000000003,1,2,66,0.5
354,14331.997434,14330.778102,14331.104768,14331.9441,14333.706099,0,2.99999999999994,0.0299999999999997,5.99999999999996,2,1,65,0.5
355,14335.12743,14334.271431,14334.518764,14335.074097,14337.052762,0,2.99999999999994,0.0299999999999997,5.99999999999996,2,1,65,0.5
356,14339.23876,14338.422761,14338.636094,14339.185426,14341.122091,1,2.99999999999994,0.0299999999999997,7.00000000000003,1,2,66,0.5
357,14411.492021,14410.380689,14410.634022,14411.492021,15012.676753,1,NaN,0,5.99999999999996,2,1,65,0.5
358,15014.679418,15013.749419,15013.802752,15014.679418,15023.744742,0,NaN,0,7.00000000000003,1,2,66,0.5
359,15461.84497,15460.804971,15461.024305,15461.84497,15461.98097,1,NaN,0,5.99999999999996,2,1,65,0.5
360,15535.399564,15534.428898,15534.804231,15535.346897,15537.524895,1,2.99999999999994,0.0299999999999997,7.00000000000003,1,2,66,0.5
361,15544.051555,15542.953556,15543.170889,15544.051555,15556.146876,0,NaN,0,7.00000000000003,1,2,66,0.5
362,15567.020865,15557.331542,15557.455542,15566.967532,15585.21018,0,2.99999999999994,0.0299999999999997,5.99999999999996,2,1,65,0.5
363,15596.398836,15591.309508,15591.862174,15596.345503,15599.116167,1,2.99999999999994,0.0299999999999997,7.00000000000003,1,2,66,0.5
364,15600.977498,15599.972166,15600.480832,15600.924165,15602.970829,1,2.99999999999994,0.0299999999999997,7.00000000000003,1,2,66,0.5
365,15605.118827,15603.660829,15603.975495,15605.065494,15606.287493,0,2.99999999999994,0.0299999999999997,5.99999999999996,2,1,65,0.5
366,15608.028824,15606.942825,15607.195492,15607.975491,15609.526156,0,2.99999999999994,0.0299999999999997,5.99999999999996,2,1,65,0.5
367,15611.736821,15610.462822,15611.056155,15611.683487,15613.066153,1,2.99999999999994,0.0299999999999997,7.00000000000003,1,2,66,0.5
368,15614.698818,15613.728152,15614.191485,15614.645484,15616.920815,1,2.99999999999994,0.0299999999999997,7.00000000000003,1,2,66,0.5
369,15618.508814,15617.564148,15617.999481,15618.455481,15619.585479,1,2.99999999999994,0.0299999999999997,7.00000000000003,1,2,66,0.5
370,15621.80881,15620.327479,15620.661478,15621.755477,15623.722142,0,2.99999999999994,0.0299999999999997,5.99999999999996,2,1,65,0.5
371,15625.604807,15624.427475,15624.922807,15625.604807,15626.244139,0,NaN,0,7.00000000000003,1,2,66,0.5
372,15647.002785,15646.043453,15646.259453,15647.002785,15647.085452,1,NaN,0,5.99999999999996,2,1,65,0.5
373,15690.616742,15689.708743,15689.876742,15690.616742,15807.056625,1,NaN,0,5.99999999999996,2,1,65,0.5
374,15819.705279,15818.756614,15818.876613,15819.705279,15888.78121,1,NaN,0,5.99999999999996,2,1,65,0.5
375,15952.21648,15950.979148,15951.305814,15952.213813,15955.975143,1,2.99999999999994,0.0299999999999997,7.00000000000003,1,2,66,0.5
376,15971.165794,15969.641796,15969.985796,15971.112461,15972.18646,0,2.99999999999994,0.0299999999999997,5.99999999999996,2,1,65,0.5
377,15984.771781,15983.327116,15983.897115,15984.718448,15986.961112,1,2.99999999999994,0.0299999999999997,7.00000000000003,1,2,66,0.5
378,15988.99111,15987.698445,15988.035111,15988.988443,15991.329774,0,2.99999999999994,0.0299999999999997,5.99999999999996,2,1,65,0.5
379,15993.249772,15992.111107,15992.60644,15993.196439,15994.212438,1,2.99999999999994,0.0299999999999997,7.00000000000003,1,2,66,0.5
380,15995.773103,15994.842437,15995.277104,15995.71977,15998.540434,1,2.99999999999994,0.0299999999999997,7.00000000000003,1,2,66,0.5
381,16000.107099,15999.017767,15999.516433,16000.053766,16002.751096,1,2.99999999999994,0.0299999999999997,7.00000000000003,1,2,66,0.5
382,16004.935094,16003.555762,16003.876428,16004.932427,16006.611092,0,2.99999999999994,0.0299999999999997,5.99999999999996,2,1,65,0.5
383,16008.353757,16007.361092,16007.769091,16008.300424,16010.211755,1,2.99999999999994,0.0299999999999997,7.00000000000003,1,2,66,0.5
384,16011.670421,16010.778422,16011.179088,16011.617087,16013.219086,1,2.99999999999994,0.0299999999999997,7.00000000000003,1,2,66,0.5
385,16014.775751,16013.855085,16014.278418,16014.722418,16016.757754,1,2.99999999999994,0.0299999999999997,7.00000000000003,1,2,66,0.5
386,16019.068413,16017.815748,16018.147081,16019.01508,16021.071745,0,2.99999999999994,0.0299999999999997,5.99999999999996,2,1,65,0.5
387,16022.755743,16021.734411,16022.001744,16022.70241,16024.742408,0,2.99999999999994,0.0299999999999997,5.99999999999996,2,1,65,0.5
388,16026.696406,16025.62174,16026.058406,16026.643072,16028.491737,1,2.99999999999994,0.0299999999999997,7.00000000000003,1,2,66,0.5
389,16030.393735,16029.136403,16029.480403,16030.340402,16032.2144,0,2.99999999999994,0.0299999999999997,5.99999999999996,2,1,65,0.5
390,16034.083065,16033.287732,16033.519732,16034.029732,16036.05573,1,2.99999999999994,0.0299999999999997,7.00000000000003,1,2,66,0.5
391,16037.740395,16036.615729,16036.915729,16037.737728,16039.682393,0,2.99999999999994,0.0299999999999997,5.99999999999996,2,1,65,0.5
392,16041.231724,16040.339725,16040.705058,16041.231724,16047.462385,0,NaN,0,7.00000000000003,1,2,66,0.5
393,16053.647045,16052.851713,16053.134379,16053.647045,16053.871712,1,NaN,0,5.99999999999996,2,1,65,0.5
394,16138.835627,16137.988961,16138.255627,16138.835627,16184.432915,1,NaN,0,5.99999999999996,2,1,65,0.5
395,16191.548241,16190.733575,16190.951575,16191.548241,16207.631558,1,NaN,0,5.99999999999996,2,1,65,0.5
396,16210.088222,16208.695557,16209.096223,16210.085556,16214.446885,0,2.99999999999994,0.0299999999999997,5.99999999999996,2,1,65,0.5
397,16216.263549,16215.294217,16215.568883,16216.210216,16218.85888,0,2.99999999999994,0.0299999999999997,5.99999999999996,2,1,65,0.5
398,16221.271544,16220.171545,16220.425545,16221.218211,16223.856876,0,2.99999999999994,0.0299999999999997,5.99999999999996,2,1,65,0.5
399,16225.48754,16224.469541,16224.712874,16225.484873,16226.968872,0,2.99999999999994,0.0299999999999997,5.99999999999996,2,1,65,0.5
400,16234.205531,16232.492866,16232.8222,16234.152198,16250.804182,1,2.99999999999994,0.0299999999999997,7.00000000000003,1,2,66,0.5
401,16252.74018,16251.525514,16252.033514,16252.686846,16254.422178,1,2.99999999999994,0.0299999999999997,7.00000000000003,1,2,66,0.5
402,16256.440176,16255.18751,16255.53351,16256.386843,16258.666174,0,2.99999999999994,0.0299999999999997,5.99999999999996,2,1,65,0.5
403,16260.548838,16259.422173,16259.904172,16260.495505,16262.673503,1,2.99999999999994,0.0299999999999997,7.00000000000003,1,2,66,0.5
404,16264.329501,16263.424836,16263.849502,16264.276168,16266.302166,1,2.99999999999994,0.0299999999999997,7.00000000000003,1,2,66,0.5
405,16268.524164,16267.011499,16267.352166,16268.47083,16270.492162,0,2.99999999999994,0.0299999999999997,5.99999999999996,2,1,65,0.5
406,16272.49616,16271.225494,16271.650161,16272.49616,16695.017737,0,NaN,0,7.00000000000003,1,2,66,0.5
407,16697.059069,16695.888403,16696.426403,16697.005735,16700.634398,1,2.99999999999994,0.0299999999999997,7.00000000000003,1,2,66,0.5
408,16705.552393,16704.373061,16704.764394,16705.49906,16706.911725,1,2.99999999999994,0.0299999999999997,7.00000000000003,1,2,66,0.5
409,16711.702387,16707.805725,16708.135057,16711.649721,16714.238385,0,2.99999999999994,0.0299999999999997,5.99999999999996,2,1,65,0.5
410,16716.14905,16714.888384,16715.41105,16716.095716,16720.104379,1,2.99999999999994,0.0299999999999997,7.00000000000003,1,2,66,0.5
411,16722.445043,16721.573044,16721.932377,16722.39171,16724.433708,1,2.99999999999994,0.0299999999999997,7.00000000000003,1,2,66,0.5
412,16726.302373,16725.441707,16725.84504,16726.249039,16728.751037,1,2.99999999999994,0.0299999999999997,7.00000000000003,1,2,66,0.5
413,16731.546367,16729.421036,16729.755703,16731.493034,16733.722365,0,2.99999999999994,0.0299999999999997,5.99999999999996,2,1,65,0.5
414,16735.513697,16734.381031,16734.675031,16735.460364,16737.778361,0,2.99999999999994,0.0299999999999997,5.99999999999996,2,1,65,0.5
415,16739.455693,16738.415694,16738.835027,16739.40236,16740.714358,1,2.99999999999994,0.0299999999999997,7.00000000000003,1,2,66,0.5
416,16742.574356,16741.337024,16741.652357,16742.57169,16744.300355,0,2.99999999999994,0.0299999999999997,5.99999999999996,2,1,65,0.5
417,16752.142347,16751.125681,16751.409681,16752.142347,16775.36099,1,NaN,0,5.99999999999996,2,1,65,0.5
418,16777.980988,16776.569656,16776.912989,16777.927654,16780.715652,0,2.99999999999994,0.0299999999999997,5.99999999999996,2,1,65,0.5
419,16782.895649,16781.796317,16782.228983,16782.88965,16784.923647,1,2.99999999999994,0.0299999999999997,7.00000000000003,1,2,66,0.5
420,16786.731646,16785.619647,16785.93898,16786.678312,16788.501644,0,2.99999999999994,0.0299999999999997,5.99999999999996,2,1,65,0.5
421,16790.286975,16789.156976,16789.434976,16790.233642,16793.670305,0,2.99999999999994,0.0299999999999997,5.99999999999996,2,1,65,0.5
422,16795.461637,16794.351638,16794.786304,16795.461637,16812.574286,0,NaN,0,7.00000000000003,1,2,66,0.5
423,16814.182285,16813.244286,16813.640952,16814.128951,16816.162283,1,2.99999999999994,0.0299999999999997,7.00000000000003,1,2,66,0.5
424,16818.214281,16817.003615,16817.308282,16818.160947,16820.386279,0,2.99999999999994,0.0299999999999997,5.99999999999996,2,1,65,0.5
425,16822.012944,16820.958945,16821.389611,16821.960277,16826.052273,1,2.99999999999994,0.0299999999999997,7.00000000000003,1,2,66,0.5
426,16827.840938,16826.638939,16826.963605,16827.787605,16829.658269,0,2.99999999999994,0.0299999999999997,5.99999999999996,2,1,65,0.5
427,16831.325601,16830.302269,16830.730268,16831.272268,16833.373599,1,2.99999999999994,0.0299999999999997,7.00000000000003,1,2,66,0.5
428,16835.000264,16833.916265,16834.204931,16834.946931,16837.015595,0,2.99999999999994,0.0299999999999997,5.99999999999996,2,1,65,0.5
429,16838.623594,16837.621595,16837.900928,16838.57026,16840.546258,0,2.99999999999994,0.0299999999999997,5.99999999999996,2,1,65,0.5
430,16842.000924,16841.206924,16841.475591,16841.94759,16844.966921,0,2.99999999999994,0.0299999999999997,5.99999999999996,2,1,65,0.5
431,16846.675586,16845.544253,16845.992253,16846.622252,16848.56425,1,2.99999999999994,0.0299999999999997,7.00000000000003,1,2,66,0.5
432,16850.138915,16849.22625,16849.647583,16850.085582,16852.36558,1,2.99999999999994,0.0299999999999997,7.00000000000003,1,2,66,0.5
433,16854.195579,16852.834913,16853.136246,16854.192911,16856.079576,0,2.99999999999994,0.0299999999999997,5.99999999999996,2,1,65,0.5
434,16857.758241,16856.631576,16857.009575,16857.758241,16879.661553,0,NaN,0,7.00000000000003,1,2,66,0.5
435,16896.722202,16895.80287,16896.165536,16896.668869,16899.0582,1,2.99999999999994,0.0299999999999997,7.00000000000003,1,2,66,0.5
436,16900.466198,16899.694866,16899.983532,16900.466198,16903.346862,1,NaN,0,5.99999999999996,2,1,65,0.5
437,16938.95416,16937.622828,16937.880161,16938.95416,20951.412814,1,NaN,0,5.99999999999996,2,1,65,0.5
438,21080.629352,21079.487353,21079.921352,21080.576018,21081.886017,1,2.99999999999994,0.0299999999999997,7.00000000000003,1,2,66,0.5
439,21087.230012,21086.14268,21086.610679,21087.176678,21091.088008,1,2.99999999999994,0.0299999999999997,7.00000000000003,1,2,66,0.5
440,21093.210672,21091.948674,21092.23134,21093.157339,21093.954005,0,2.99999999999994,0.0299999999999997,5.99999999999996,2,1,65,0.5
441,21115.033317,21113.814652,21114.029985,21114.979984,21117.028649,0,2.99999999999994,0.0299999999999997,5.99999999999996,2,1,65,0.5
442,21119.914646,21118.240647,21118.51398,21119.861312,21140.657958,0,2.99999999999994,0.0299999999999997,5.99999999999996,2,1,65,0.5
443,21155.49461,21154.543278,21154.908611,21155.491944,21158.417941,1,2.99999999999994,0.0299999999999997,7.00000000000003,1,2,66,0.5
444,21160.005272,21159.370606,21159.616606,21160.005272,21169.995262,1,NaN,0,5.99999999999996,2,1,65,0.5
445,21177.386588,21176.340589,21176.636589,21177.383922,21179.619919,0,2.99999999999994,0.0299999999999997,5.99999999999996,2,1,65,0.5
446,21419.14768,21418.228347,21418.618347,21419.094347,21422.186343,1,2.99999999999994,0.0299999999999997,7.00000000000003,1,2,66,0.5
447,21423.811008,21422.729676,21423.001676,21423.757675,21427.779005,0,2.99999999999994,0.0299999999999997,5.99999999999996,2,1,65,0.5
448,21429.498336,21428.50567,21428.925003,21429.445003,21432.009668,1,2.99999999999994,0.0299999999999997,7.00000000000003,1,2,66,0.5
449,21433.798999,21432.657,21433.004333,21433.745665,21436.806995,0,2.99999999999994,0.0299999999999997,5.99999999999996,2,1,65,0.5
450,21438.389661,21437.460995,21437.688995,21438.336327,21441.473657,0,2.99999999999994,0.0299999999999997,5.99999999999996,2,1,65,0.5
451,21443.382322,21442.234323,21442.620323,21443.328989,21445.005654,1,2.99999999999994,0.0299999999999997,7.00000000000003,1,2,66,0.5
452,21446.815652,21445.75632,21446.036986,21446.812985,21448.786983,0,2.99999999999994,0.0299999999999997,5.99999999999996,2,1,65,0.5
453,21450.226316,21449.396983,21449.640983,21450.223649,21450.959648,0,2.99999999999994,0.0299999999999997,5.99999999999996,2,1,65,0.5
454,21458.750974,21457.915641,21458.206307,21458.750974,21462.100304,1,NaN,0,5.99999999999996,2,1,65,0.5
455,21468.59763,21467.650965,21467.745631,21468.59763,21487.029612,0,NaN,0,7.00000000000003,1,2,66,0.5
456,21489.044277,21487.719611,21488.255611,21488.990943,21493.918938,1,2.99999999999994,0.0299999999999997,7.00000000000003,1,2,66,0.5
457,21496.784936,21495.93827,21496.208269,21496.784936,21502.350263,1,NaN,0,5.99999999999996,2,1,65,0.5
458,21504.312261,21503.082929,21503.398929,21504.258928,21505.534927,0,2.99999999999994,0.0299999999999997,5.99999999999996,2,1,65,0.5
459,21506.964259,21506.09426,21506.370259,21506.910925,21508.938257,0,2.99999999999994,0.0299999999999997,5.99999999999996,2,1,65,0.5
460,21510.816255,21509.778923,21510.262922,21510.762922,21512.259587,1,2.99999999999994,0.0299999999999997,7.00000000000003,1,2,66,0.5
461,21515.140917,21514.290251,21514.717584,21515.087589,21516.972915,1,2.99999999999994,0.0299999999999997,7.00000000000003,1,2,66,0.5
462,21518.258914,21517.377582,21517.780915,21518.205581,21520.145579,1,2.99999999999994,0.0299999999999997,7.00000000000003,1,2,66,0.5
463,21522.06291,21520.754912,21521.116911,21522.009577,21523.721575,0,2.99999999999994,0.0299999999999997,5.99999999999996,2,1,65,0.5
464,21525.14824,21524.254908,21524.529574,21525.145574,21527.333572,0,2.99999999999994,0.0299999999999997,5.99999999999996,2,1,65,0.5
465,21528.79557,21527.934238,21528.218237,21528.742237,21531.718901,0,2.99999999999994,0.0299999999999997,5.99999999999996,2,1,65,0.5
466,21533.328232,21532.372233,21532.7489,21533.274899,21535.439564,1,2.99999999999994,0.0299999999999997,7.00000000000003,1,2,66,0.5
467,21537.013562,21535.96823,21536.278896,21536.960229,21539.05156,0,2.99999999999994,0.0299999999999997,5.99999999999996,2,1,65,0.5
468,21540.690225,21539.580893,21540.128226,21540.636892,21542.80289,1,2.99999999999994,0.0299999999999997,7.00000000000003,1,2,66,0.5
469,21544.500221,21543.468889,21543.785555,21544.446888,21546.404219,0,2.99999999999994,0.0299999999999997,5.99999999999996,2,1,65,0.5
470,21547.969551,21546.853552,21547.440218,21547.916218,21550.644882,1,2.99999999999994,0.0299999999999997,7.00000000000003,1,2,66,0.5
471,21552.09088,21551.067548,21551.352881,21552.037547,21554.452878,0,2.99999999999994,0.0299999999999997,5.99999999999996,2,1,65,0.5
472,21555.818876,21554.927544,21555.209544,21555.765543,21557.740875,0,2.99999999999994,0.0299999999999997,5.99999999999996,2,1,65,0.5
473,21559.09554,21558.354874,21558.636207,21559.042207,21560.922205,0,2.99999999999994,0.0299999999999997,5.99999999999996,2,1,65,0.5
474,21562.608203,21561.504871,21562.007537,21562.55487,21564.973534,1,2.99999999999994,0.0299999999999997,7.00000000000003,1,2,66,0.5
475,21566.450199,21565.5122,21565.9682,21566.396866,21567.934198,1,2.99999999999994,0.0299999999999997,7.00000000000003,1,2,66,0.5
476,21569.196196,21568.342864,21568.738864,21569.142863,21571.439528,1,2.99999999999994,0.0299999999999997,7.00000000000003,1,2,66,0.5
477,21573.074859,21571.975527,21572.267527,21573.021526,21575.535523,0,2.99999999999994,0.0299999999999997,5.99999999999996,2,1,65,0.5
478,21577.170188,21576.05619,21576.405523,21577.116855,21579.05152,1,2.99999999999994,0.0299999999999997,7.00000000000003,1,2,66,0.5
479,21580.492852,21579.547519,21580.024186,21580.439519,21582.278183,1,2.99999999999994,0.0299999999999997,7.00000000000003,1,2,66,0.5
480,21583.718182,21582.684183,21582.980849,21583.664849,21585.717513,0,2.99999999999994,0.0299999999999997,5.99999999999996,2,1,65,0.5
481,21587.116845,21586.236179,21586.555512,21587.116845,21715.072717,0,NaN,0,7.00000000000003,1,2,66,0.5
482,21722.929376,21722.100044,21722.359377,21722.929376,21734.524698,1,NaN,0,5.99999999999996,2,1,65,0.5
483,21736.323363,21735.144697,21735.406697,21736.270029,21739.990026,0,2.99999999999994,0.0299999999999997,5.99999999999996,2,1,65,0.5
484,21741.720024,21740.676692,21741.095358,21741.666691,21744.743354,1,2.99999999999994,0.0299999999999997,7.00000000000003,1,2,66,0.5
485,21746.311353,21745.46202,21745.853353,21746.258019,21748.814683,1,2.99999999999994,0.0299999999999997,7.00000000000003,1,2,66,0.5
486,21750.209349,21749.36735,21749.761349,21750.156015,21753.706012,1,2.99999999999994,0.0299999999999997,7.00000000000003,1,2,66,0.5
487,21755.120677,21754.410678,21754.722011,21755.120677,21761.516004,1,NaN,0,5.99999999999996,2,1,65,0.5
488,21763.308003,21762.499336,21762.747336,21763.308003,21763.533335,1,NaN,0,5.99999999999996,2,1,65,0.5
489,21816.311949,21814.910617,21814.989284,21816.259283,21818.332614,0,2.99999999999994,0.0299999999999997,5.99999999999996,2,1,65,0.5
490,21819.805279,21819.025947,21819.276613,21819.805279,21830.632602,1,NaN,0,5.99999999999996,2,1,65,0.5
491,21836.798596,21832.2526,21832.363933,21836.745262,21839.335926,0,2.99999999999994,0.0299999999999997,5.99999999999996,2,1,65,0.5
492,21847.469918,21846.367253,21846.940585,21847.416585,21848.62725,1,2.99999999999994,0.0299999999999997,7.00000000000003,1,2,66,0.5
493,21850.413249,21849.28125,21849.567916,21850.359915,21852.639913,0,2.99999999999994,0.0299999999999997,5.99999999999996,2,1,65,0.5
494,21854.055912,21853.341912,21853.560579,21854.002578,21855.969243,0,2.99999999999994,0.0299999999999997,5.99999999999996,2,1,65,0.5
495,21857.723908,21856.726576,21857.097909,21857.723908,21889.709876,0,NaN,0,7.00000000000003,1,2,66,0.5
496,21899.529199,21898.269867,21898.576534,21899.475866,21901.449198,0,2.99999999999994,0.0299999999999997,5.99999999999996,2,1,65,0.5
497,21902.993196,21902.06853,21902.309197,21902.990529,21904.867194,0,2.99999999999994,0.0299999999999997,5.99999999999996,2,1,65,0.5
498,21906.775192,21905.578527,21906.187193,21906.721859,21909.147856,1,2.99999999999994,0.0299999999999997,7.00000000000003,1,2,66,0.5
499,21910.775855,21909.661856,21909.961189,21910.722522,21911.87852,0,2.99999999999994,0.0299999999999997,5.99999999999996,2,1,65,0.5
500,21913.444519,21912.433853,21912.691186,21913.391186,21915.341184,0,2.99999999999994,0.0299999999999997,5.99999999999996,2,1,65,0.5
501,21916.720516,21915.952516,21916.201849,21916.667182,21918.523847,0,2.99999999999994,0.0299999999999997,5.99999999999996,2,1,65,0.5
502,21920.161845,21919.212513,21919.578513,21920.108512,21921.407844,1,2.99999999999994,0.0299999999999997,7.00000000000003,1,2,66,0.5
503,21923.031843,21922.007177,21922.291177,21922.978509,21924.908507,0,2.99999999999994,0.0299999999999997,5.99999999999996,2,1,65,0.5
504,21926.13584,21925.428507,21925.643173,21926.082506,21928.327171,0,2.99999999999994,0.0299999999999997,5.99999999999996,2,1,65,0.5
505,21929.680503,21928.843837,21929.112503,21929.677837,21931.359168,0,2.99999999999994,0.0299999999999997,5.99999999999996,2,1,65,0.5
506,21932.897833,21931.911834,21932.3305,21932.844499,21936.013163,1,2.99999999999994,0.0299999999999997,7.00000000000003,1,2,66,0.5
507,21937.418495,21936.529829,21936.924495,21937.365162,21939.633826,1,2.99999999999994,0.0299999999999997,7.00000000000003,1,2,66,0.5
508,21941.239158,21940.119159,21940.404492,21941.185825,21942.347157,0,2.99999999999994,0.0299999999999997,5.99999999999996,2,1,65,0.5
509,21943.642489,21942.904489,21943.152489,21943.589155,21946.852485,0,2.99999999999994,0.0299999999999997,5.99999999999996,2,1,65,0.5
510,21948.613817,21947.546485,21948.049818,21948.560484,21950.326482,1,2.99999999999994,0.0299999999999997,7.00000000000003,1,2,66,0.5
511,21951.845814,21950.828481,21951.099815,21951.792481,21953.647145,0,2.99999999999994,0.0299999999999997,5.99999999999996,2,1,65,0.5
512,21955.627143,21954.637144,21955.052477,21955.57381,21957.656475,1,2.99999999999994,0.0299999999999997,7.00000000000003,1,2,66,0.5
513,21959.171806,21958.165807,21958.49914,21959.118473,21960.892471,0,2.99999999999994,0.0299999999999997,5.99999999999996,2,1,65,0.5
514,21962.171803,21961.396471,21961.655137,21962.169137,21963.755802,0,2.99999999999994,0.0299999999999997,5.99999999999996,2,1,65,0.5
515,21965.061134,21964.323801,21964.583134,21965.007801,21967.007132,0,2.99999999999994,0.0299999999999997,5.99999999999996,2,1,65,0.5
516,21968.70513,21967.616465,21968.043798,21968.651797,21971.885127,1,2.99999999999994,0.0299999999999997,7.00000000000003,1,2,66,0.5
517,21990.310442,21977.687788,21977.932454,NaN,21995.859103,NaN,NaN,0,5.99999999999996,2,1,65,0.5
518,22123.422976,22122.121644,22122.247643,22123.422976,22123.901642,0,NaN,0,7.00000000000003,1,2,66,0.5
519,22130.986301,22129.689636,22129.946969,22130.932968,22133.388966,0,2.99999999999994,0.0299999999999997,5.99999999999996,2,1,65,0.5
520,22134.955631,22134.080965,22134.442298,22134.955631,22176.486922,0,NaN,0,7.00000000000003,1,2,66,0.5
521,22178.489587,22177.172922,22177.860921,22178.436254,22179.430253,1,2.99999999999994,0.0299999999999997,7.00000000000003,1,2,66,0.5
522,22181.003585,22180.035586,22180.489585,22180.950251,22186.476246,1,2.99999999999994,0.0299999999999997,7.00000000000003,1,2,66,0.5
523,22188.396911,22187.172245,22187.476245,22188.394244,22189.720243,0,2.99999999999994,0.0299999999999997,5.99999999999996,2,1,65,0.5
524,22191.103575,22190.214909,22190.478242,22191.050241,22193.673572,0,2.99999999999994,0.0299999999999997,5.99999999999996,2,1,65,0.5
525,22195.12757,22194.288238,22194.528904,22195.074237,22196.902902,0,2.99999999999994,0.0299999999999997,5.99999999999996,2,1,65,0.5
526,22198.505567,22197.508901,22197.882234,22198.4969,22199.850899,1,2.99999999999994,0.0299999999999997,7.00000000000003,1,2,66,0.5
527,22201.179564,22200.315565,22200.674232,22201.126231,22203.537562,1,2.99999999999994,0.0299999999999997,7.00000000000003,1,2,66,0.5
528,22205.29756,22204.136895,22204.452228,22205.294894,22206.871559,0,2.99999999999994,0.0299999999999997,5.99999999999996,2,1,65,0.5
529,22208.178224,22207.372892,22207.609558,22208.175557,22210.035556,0,2.99999999999994,0.0299999999999997,5.99999999999996,2,1,65,0.5
530,22211.659554,22210.664222,22210.888888,22211.606221,22214.095552,0,2.99999999999994,0.0299999999999997,5.99999999999996,2,1,65,0.5
531,22215.63355,22214.640884,22215.041551,22215.580217,22216.714216,1,2.99999999999994,0.0299999999999997,7.00000000000003,1,2,66,0.5
532,22217.986214,22217.154882,22217.526881,22217.932881,22219.982879,1,2.99999999999994,0.0299999999999997,7.00000000000003,1,2,66,0.5
533,22221.272878,22220.472212,22220.844211,22221.219544,22223.178209,1,2.99999999999994,0.0299999999999997,7.00000000000003,1,2,66,0.5
534,22224.696874,22223.630209,22223.917542,22224.643541,22226.998206,0,2.99999999999994,0.0299999999999997,5.99999999999996,2,1,65,0.5
535,22228.510204,22227.505538,22227.910204,22228.456871,22230.453535,1,2.99999999999994,0.0299999999999997,7.00000000000003,1,2,66,0.5
536,22232.1502,22231.090868,22231.377534,22232.096867,22234.156198,0,2.99999999999994,0.0299999999999997,5.99999999999996,2,1,65,0.5
537,22235.63753,22234.691531,22235.036864,22235.584197,22237.294195,1,2.99999999999994,0.0299999999999997,7.00000000000003,1,2,66,0.5
538,22238.566194,22237.791533,22238.116194,22238.51286,22240.664192,1,2.99999999999994,0.0299999999999997,7.00000000000003,1,2,66,0.5
539,22253.809512,22241.186858,22241.464858,NaN,NaN,NaN,NaN,0,5.99999999999996,2,1,65,0.5
540,22422.493343,22421.175344,22421.342011,22422.44001,22424.582674,0,2.99999999999994,0.0299999999999997,5.99999999999996,2,1,65,0.5
541,22430.077336,22429.129336,22429.40267,22430.077336,22440.860658,1,NaN,0,5.99999999999996,2,1,65,0.5
542,22477.067289,22475.671957,22476.127956,22477.013955,22481.237284,1,2.99999999999994,0.0299999999999997,7.00000000000003,1,2,66,0.5
543,22494.666604,22493.856605,22494.063938,22494.666604,22494.994604,1,NaN,0,5.99999999999996,2,1,65,0.5
544,22504.803927,22504.043928,22504.264595,22504.750594,22507.169925,0,2.99999999999994,0.0299999999999997,5.99999999999996,2,1,65,0.5
545,22508.59259,22507.844591,22508.050591,22508.539257,22510.579255,0,2.99999999999994,0.0299999999999997,5.99999999999996,2,1,65,0.5
546,22512.23392,22511.155254,22511.513921,22512.23392,22515.435917,0,NaN,0,7.00000000000003,1,2,66,0.5
547,22522.012577,22521.064578,22521.501911,22521.959244,22524.263908,1,2.99999999999994,0.0299999999999997,7.00000000000003,1,2,66,0.5
548,22525.59924,22524.862575,22525.133241,22525.59924,22574.163191,1,NaN,0,5.99999999999996,2,1,65,0.5
549,22608.93649,22607.789158,22608.145157,22608.93649,22623.725145,0,NaN,0,7.00000000000003,1,2,66,0.5
550,22625.598473,22624.519141,22624.991807,22625.54514,22628.765137,1,2.99999999999994,0.0299999999999997,7.00000000000003,1,2,66,0.5
551,22641.417791,22640.497125,22640.815791,22641.364458,22643.935122,1,2.99999999999994,0.0299999999999997,7.00000000000003,1,2,66,0.5
552,22645.551787,22644.593788,22645.107121,22645.498453,22646.550452,1,2.99999999999994,0.0299999999999997,7.00000000000003,1,2,66,0.5
553,22648.146451,22647.033119,22647.309785,22648.093118,22649.812449,0,2.99999999999994,0.0299999999999997,5.99999999999996,2,1,65,0.5
554,22676.08509,22675.135757,22675.50509,22676.031756,22677.781755,1,2.99999999999994,0.0299999999999997,7.00000000000003,1,2,66,0.5
555,22679.630419,22678.669087,22678.941753,22679.627753,22682.14775,0,2.99999999999994,0.0299999999999997,5.99999999999996,2,1,65,0.5
556,22683.583082,22682.776416,22683.044416,22683.529749,22685.758413,0,2.99999999999994,0.0299999999999997,5.99999999999996,2,1,65,0.5
557,22687.476411,22686.482413,22686.877079,22687.423078,22689.485743,1,2.99999999999994,0.0299999999999997,7.00000000000003,1,2,66,0.5
558,22691.267742,22690.235742,22690.511075,22691.214408,22692.681073,0,2.99999999999994,0.0299999999999997,5.99999999999996,2,1,65,0.5
559,22693.910405,22693.185072,22693.431072,22693.857738,22695.559737,0,2.99999999999994,0.0299999999999997,5.99999999999996,2,1,65,0.5
560,22696.989069,22696.127069,22696.537736,22696.989069,22792.22164,0,NaN,0,7.00000000000003,1,2,66,0.5
561,23014.904084,23012.762753,23012.829419,23014.904084,23027.930071,0,NaN,0,7.00000000000003,1,2,66,0.5
562,23029.809403,23028.691404,23028.992737,23029.809403,23030.220069,0,NaN,0,7.00000000000003,1,2,66,0.5
563,23061.874037,23060.898038,23061.172704,23061.820704,23065.790033,1,2.99999999999994,0.0299999999999997,7.00000000000003,1,2,66,0.5
564,23069.553363,23068.58803,23068.979363,23069.550696,23072.10736,1,2.99999999999994,0.0299999999999997,7.00000000000003,1,2,66,0.5
565,23074.684691,23073.818692,23074.190025,23074.682024,23076.827355,1,2.99999999999994,0.0299999999999997,7.00000000000003,1,2,66,0.5
566,23078.263354,23077.400688,23077.780021,23078.210021,23079.909352,1,2.99999999999994,0.0299999999999997,7.00000000000003,1,2,66,0.5
567,23081.264018,23080.432685,23080.817351,23081.210684,23081.778684,1,2.99999999999994,0.0299999999999997,7.00000000000003,1,2,66,0.5
568,23083.519349,23082.368017,23082.67935,23083.516682,23085.540013,0,2.99999999999994,0.0299999999999997,5.99999999999996,2,1,65,0.5
569,23088.86401,23087.932678,23088.244677,23088.861343,23091.316674,0,2.99999999999994,0.0299999999999997,5.99999999999996,2,1,65,0.5
570,23093.277339,23092.52734,23092.778006,23093.224006,23095.553337,0,2.99999999999994,0.0299999999999997,5.99999999999996,2,1,65,0.5
571,23097.492668,23096.524002,23096.938002,23097.439335,23100.149332,1,2.99999999999994,0.0299999999999997,7.00000000000003,1,2,66,0.5
572,23106.791326,23105.19466,23105.43466,23106.737992,23108.610657,0,2.99999999999994,0.0299999999999997,5.99999999999996,2,1,65,0.5
573,23110.139322,23109.16199,23109.495989,23110.139322,23110.545988,0,NaN,0,7.00000000000003,1,2,66,0.5
574,23139.19796,23137.826628,23138.017294,23139.19796,23412.842353,1,NaN,0,5.99999999999996,2,1,65,0.5
575,23414.977684,23413.779019,23414.069685,23414.924351,23416.12035,0,2.99999999999994,0.0299999999999997,5.99999999999996,2,1,65,0.5
576,23417.815681,23416.929682,23417.166348,23417.813014,23420.661678,0,2.99999999999994,0.0299999999999997,5.99999999999996,2,1,65,0.5
577,23429.957002,23429.017003,23429.11367,23429.957002,23436.404996,1,NaN,0,5.99999999999996,2,1,65,0.5
578,23438.86366,23437.858328,23437.912328,23438.810327,23887.079879,1,2.99999999999994,0.0299999999999997,7.00000000000003,1,2,66,0.5
579,23895.979203,23894.747871,23895.14587,23895.92587,25451.558981,1,2.99999999999994,0.0299999999999997,7.00000000000003,1,2,66,0.5
580,26397.362035,26396.762036,26396.900702,26397.362035,26397.465368,1,NaN,0,5.99999999999996,2,1,65,0.5
581,26420.110679,26418.458014,26419.187346,26420.057346,26421.007345,1,2.99999999999994,0.0299999999999997,7.00000000000003,1,2,66,0.5
582,26480.993951,26479.966619,26480.373285,26480.993951,26495.776603,0,NaN,0,7.00000000000003,1,2,66,0.5
583,26497.683268,26496.497269,26496.763936,26497.680601,26501.86793,0,2.99999999999994,0.0299999999999997,5.99999999999996,2,1,65,0.5
584,26503.714595,26502.76193,26503.001929,26503.711929,26526.760572,0,2.99999999999994,0.0299999999999997,5.99999999999996,2,1,65,0.5
585,26528.56057,26527.523905,26528.034571,26528.507237,26557.086542,1,2.99999999999994,0.0299999999999997,7.00000000000003,1,2,66,0.5
586,26558.83054,26558.049874,26558.314541,26558.83054,27224.227875,1,NaN,0,5.99999999999996,2,1,65,0.5
587,27225.90054,27224.810541,27225.16054,27225.847206,27228.981203,1,2.99999999999994,0.0299999999999997,7.00000000000003,1,2,66,0.5
588,27231.536534,27230.311202,27230.613868,27231.483867,27234.159865,0,2.99999999999994,0.0299999999999997,5.99999999999996,2,1,65,0.5
589,27235.893196,27234.897197,27235.23853,27235.893196,27236.193196,0,NaN,0,7.00000000000003,1,2,66,0.5
590,27275.65449,27274.657158,27275.064491,27275.64049,27277.651821,1,2.99999999999994,0.0299999999999997,7.00000000000003,1,2,66,0.5
591,27279.861152,27278.846487,27279.10782,27279.861152,27280.067152,1,NaN,0,5.99999999999996,2,1,65,0.5
592,27296.09447,27295.087804,27295.35247,27296.041136,27298.784467,0,2.99999999999994,0.0299999999999997,5.99999999999996,2,1,65,0.5
593,27300.568465,27299.493133,27299.992466,27300.515132,27301.609797,1,2.99999999999994,0.0299999999999997,7.00000000000003,1,2,66,0.5
594,27303.801129,27302.261797,27302.630463,27303.798462,27305.19046,0,2.99999999999994,0.0299999999999997,5.99999999999996,2,1,65,0.5
595,27306.592459,27305.659127,27305.92246,27306.589792,27308.806457,0,2.99999999999994,0.0299999999999997,5.99999999999996,2,1,65,0.5
596,27310.302455,27309.415123,27309.709123,27310.249122,27313.241786,0,2.99999999999994,0.0299999999999997,5.99999999999996,2,1,65,0.5
597,27315.000451,27313.960452,27314.381118,27314.947117,27318.69578,1,2.99999999999994,0.0299999999999997,7.00000000000003,1,2,66,0.5
598,27320.579778,27319.481779,27319.78978,27320.526445,27322.999776,0,2.99999999999994,0.0299999999999997,5.99999999999996,2,1,65,0.5
599,27325.047774,27324.163775,27324.362441,27324.994441,27327.507105,1,2.99999999999994,0.0299999999999997,7.00000000000003,1,2,66,0.5
600,27329.071103,27328.239104,27328.65177,27329.01777,27330.453102,1,2.99999999999994,0.0299999999999997,7.00000000000003,1,2,66,0.5
601,27331.749767,27330.932435,27331.275768,27331.749767,27365.537067,1,NaN,0,5.99999999999996,2,1,65,0.5
602,27378.238387,27377.167722,27377.453055,27378.185054,27380.321719,0,2.99999999999994,0.0299999999999997,5.99999999999996,2,1,65,0.5
603,27381.939717,27380.941051,27381.407051,27381.886384,27384.364381,1,2.99999999999994,0.0299999999999997,7.00000000000003,1,2,66,0.5
604,27385.839046,27385.029047,27385.385714,27385.785713,27388.261711,1,2.99999999999994,0.0299999999999997,7.00000000000003,1,2,66,0.5
605,27390.057709,27388.826377,27389.16171,27390.004376,27392.068374,0,2.99999999999994,0.0299999999999997,5.99999999999996,2,1,65,0.5
606,27393.507705,27392.585706,27392.969706,27393.454372,27395.577037,1,2.99999999999994,0.0299999999999997,7.00000000000003,1,2,66,0.5
607,27397.171035,27396.103703,27396.419036,27397.117702,27399.3517,0,2.99999999999994,0.0299999999999997,5.99999999999996,2,1,65,0.5
608,27400.729032,27399.962366,27400.195699,27400.675698,27402.901029,0,2.99999999999994,0.0299999999999997,5.99999999999996,2,1,65,0.5
609,27404.353028,27403.627029,27403.897028,27404.299695,27406.211026,0,2.99999999999994,0.0299999999999997,5.99999999999996,2,1,65,0.5
610,27407.913691,27406.953025,27407.345692,27407.860358,27409.737023,1,2.99999999999994,0.0299999999999997,7.00000000000003,1,2,66,0.5
611,27411.447688,27410.349022,27410.659022,27411.394354,27413.099019,0,2.99999999999994,0.0299999999999997,5.99999999999996,2,1,65,0.5
612,27414.359685,27413.641685,27413.839018,27414.306351,27417.206348,0,2.99999999999994,0.0299999999999997,5.99999999999996,2,1,65,0.5
613,27418.87368,27417.813014,27418.216347,27418.820347,27420.657012,1,2.99999999999994,0.0299999999999997,7.00000000000003,1,2,66,0.5
614,27422.03101,27421.207011,27421.583677,27421.977677,27424.858341,1,2.99999999999994,0.0299999999999997,7.00000000000003,1,2,66,0.5
615,27426.241006,27425.493673,27425.797673,27426.241006,27554.686878,1,NaN,0,5.99999999999996,2,1,65,0.5
616,27556.113543,27555.318877,27555.611543,27556.113543,27632.885466,1,NaN,0,5.99999999999996,2,1,65,0.5
617,27641.224125,27640.274792,27640.562125,27641.170791,27645.068121,0,2.99999999999994,0.0299999999999997,5.99999999999996,2,1,65,0.5
618,27646.961452,27645.90612,27646.310786,27646.961452,27647.500785,0,NaN,0,7.00000000000003,1,2,66,0.5
619,27655.752777,27654.542778,27654.791444,27655.699443,27657.858108,0,2.99999999999994,0.0299999999999997,5.99999999999996,2,1,65,0.5
620,27659.31744,27658.399441,27658.784773,27659.264106,27660.955438,1,2.99999999999994,0.0299999999999997,7.00000000000003,1,2,66,0.5
621,27662.60677,27661.794771,27662.134103,27662.553436,27665.652767,1,2.99999999999994,0.0299999999999997,7.00000000000003,1,2,66,0.5
622,27667.241432,27666.446766,27666.736766,27667.241432,27687.009412,1,NaN,0,5.99999999999996,2,1,65,0.5
623,27747.228018,27746.220019,27746.236686,27747.174685,27750.102682,1,2.99999999999994,0.0299999999999997,7.00000000000003,1,2,66,0.5
624,27752.330013,27751.362681,27751.734014,27752.27668,27753.236679,1,2.99999999999994,0.0299999999999997,7.00000000000003,1,2,66,0.5
625,27755.271344,27753.854012,27754.178678,27755.21801,27756.758009,0,2.99999999999994,0.0299999999999997,5.99999999999996,2,1,65,0.5
626,27758.275341,27757.361342,27757.624675,27758.272674,27760.750672,0,2.99999999999994,0.0299999999999997,5.99999999999996,2,1,65,0.5
627,27762.362003,27761.380004,27761.762004,27762.30867,27764.242001,1,2.99999999999994,0.0299999999999997,7.00000000000003,1,2,66,0.5
628,27766.096666,27765.030667,27765.338667,27766.043333,27767.860664,0,2.99999999999994,0.0299999999999997,5.99999999999996,2,1,65,0.5
629,27769.330663,27768.410664,27768.74733,27769.27733,27771.813994,1,2.99999999999994,0.0299999999999997,7.00000000000003,1,2,66,0.5
630,27774.361329,27773.324659,27773.591992,27774.307991,27776.305323,0,2.99999999999994,0.0299999999999997,5.99999999999996,2,1,65,0.5
631,27777.643988,27776.867989,27777.075322,27777.590655,27779.62932,0,2.99999999999994,0.0299999999999997,5.99999999999996,2,1,65,0.5
632,27883.539882,27882.31455,27882.822549,27883.486549,27887.647878,1,2.99999999999994,0.0299999999999997,7.00000000000003,1,2,66,0.5
633,27889.420543,27888.616544,27888.88721,27889.420543,28306.171459,1,NaN,0,5.99999999999996,2,1,65,0.5
634,28308.406124,28307.162125,28307.453458,28308.403457,28317.757448,0,2.99999999999994,0.0299999999999997,5.99999999999996,2,1,65,0.5
635,28329.797436,28328.195437,28328.52277,28329.794769,28332.155434,0,2.99999999999994,0.0299999999999997,5.99999999999996,2,1,65,0.5
636,28334.024098,28332.948099,28333.370766,28333.970765,28335.28143,1,2.99999999999994,0.0299999999999997,7.00000000000003,1,2,66,0.5
637,28336.784762,28335.892763,28336.332096,28336.731429,28338.359427,1,2.99999999999994,0.0299999999999997,7.00000000000003,1,2,66,0.5
638,28340.267425,28339.022093,28339.32476,28340.214092,28340.933425,0,2.99999999999994,0.0299999999999997,5.99999999999996,2,1,65,0.5
639,28343.099423,28341.89009,28342.499423,28343.046089,28345.59942,1,2.99999999999994,0.0299999999999997,7.00000000000003,1,2,66,0.5
640,28347.231418,28346.334086,28346.790752,28347.178085,28350.007416,1,2.99999999999994,0.0299999999999997,7.00000000000003,1,2,66,0.5
641,28351.538747,28350.671415,28350.996081,28351.485414,28353.522079,1,2.99999999999994,0.0299999999999997,7.00000000000003,1,2,66,0.5
642,28355.38941,28354.111412,28354.452744,28355.336077,28358.062074,0,2.99999999999994,0.0299999999999997,5.99999999999996,2,1,65,0.5
643,28359.582073,28358.623407,28359.02074,28359.528739,28361.413404,1,2.99999999999994,0.0299999999999997,7.00000000000003,1,2,66,0.5
644,28362.833403,28362.01807,28362.39007,28362.78007,28364.778734,1,2.99999999999994,0.0299999999999997,7.00000000000003,1,2,66,0.5
645,28366.624732,28365.4894,28365.840067,28366.571399,28368.570064,0,2.99999999999994,0.0299999999999997,5.99999999999996,2,1,65,0.5
646,28369.839396,28369.068063,28369.332063,28369.786062,28370.540728,0,2.99999999999994,0.0299999999999997,5.99999999999996,2,1,65,0.5
647,28372.05006,28371.213394,28371.484727,28371.996727,28374.944057,0,2.99999999999994,0.0299999999999997,5.99999999999996,2,1,65,0.5
648,28376.650056,28375.602057,28376.030056,28376.596722,28378.57872,1,2.99999999999994,0.0299999999999997,7.00000000000003,1,2,66,0.5
649,28379.980052,28379.116053,28379.488053,28379.926719,28385.032047,1,2.99999999999994,0.0299999999999997,7.00000000000003,1,2,66,0.5
650,28386.740712,28385.92138,28386.262046,28386.687379,28388.792043,1,2.99999999999994,0.0299999999999997,7.00000000000003,1,2,66,0.5
651,28390.558708,28389.260043,28389.582709,28390.505375,28392.478706,0,2.99999999999994,0.0299999999999997,5.99999999999996,2,1,65,0.5
652,28393.924705,28393.061373,28393.394706,28393.924705,28394.098705,0,NaN,0,7.00000000000003,1,2,66,0.5
653,28412.262687,28399.640033,28400.014032,NaN,28417.438015,NaN,NaN,0,5.99999999999996,2,1,65,0.5
654,28462.967969,28461.788637,28462.104637,28462.914636,28466.439299,0,2.99999999999994,0.0299999999999997,5.99999999999996,2,1,65,0.5
655,28468.094632,28467.049299,28467.311965,28468.041965,28468.674632,0,2.99999999999994,0.0299999999999997,5.99999999999996,2,1,65,0.5
656,28470.425296,28469.396631,28469.64463,28470.371963,28472.31596,0,2.99999999999994,0.0299999999999997,5.99999999999996,2,1,65,0.5
657,28474.332625,28473.505292,28473.752625,28474.329958,28478.909287,0,2.99999999999994,0.0299999999999997,5.99999999999996,2,1,65,0.5
658,28480.544618,28479.519286,28479.997952,28480.491285,28482.12395,1,2.99999999999994,0.0299999999999997,7.00000000000003,1,2,66,0.5
659,28483.441282,28482.604616,28482.993283,28483.387949,28485.350614,1,2.99999999999994,0.0299999999999997,7.00000000000003,1,2,66,0.5
660,28486.715946,28485.79728,28486.10328,28486.662612,28488.853277,0,2.99999999999994,0.0299999999999997,5.99999999999996,2,1,65,0.5
661,28490.513275,28489.455943,28489.842609,28490.513275,28490.895941,0,NaN,0,7.00000000000003,1,2,66,0.5
662,28501.305264,28500.203265,28500.479932,28501.292598,28503.105262,0,2.99999999999994,0.0299999999999997,5.99999999999996,2,1,65,0.5
663,28504.842594,28503.729929,28504.141928,28504.842594,28505.41926,0,NaN,0,7.00000000000003,1,2,66,0.5
664,28519.243913,28518.452581,28518.57658,28519.19058,28521.070578,1,2.99999999999994,0.0299999999999997,7.00000000000003,1,2,66,0.5
665,28522.659243,28521.605911,28521.93791,28522.60591,28524.369908,0,2.99999999999994,0.0299999999999997,5.99999999999996,2,1,65,0.5
666,28525.959906,28524.955241,28525.191907,28525.959906,28536.865229,0,NaN,0,7.00000000000003,1,2,66,0.5
667,28542.37189,28541.397224,28541.85589,28542.318557,28544.621888,1,2.99999999999994,0.0299999999999997,7.00000000000003,1,2,66,0.5
668,28546.269886,28545.177887,28545.50122,28546.216553,28547.880551,0,2.99999999999994,0.0299999999999997,5.99999999999996,2,1,65,0.5
669,28549.21655,28548.429217,28548.741884,28549.21655,28549.265883,0,NaN,0,7.00000000000003,1,2,66,0.5
670,28562.727203,28561.913204,28562.257203,28562.67387,28564.481868,1,2.99999999999994,0.0299999999999997,7.00000000000003,1,2,66,0.5
671,28574.245191,28573.177859,28573.475859,28574.191859,28577.335855,0,2.99999999999994,0.0299999999999997,5.99999999999996,2,1,65,0.5
672,28578.88652,28577.984521,28578.355854,28578.833187,28580.741185,1,2.99999999999994,0.0299999999999997,7.00000000000003,1,2,66,0.5
673,28582.193183,28581.344518,28581.729851,28582.13985,28584.025849,1,2.99999999999994,0.0299999999999997,7.00000000000003,1,2,66,0.5
674,28585.465847,28584.668514,28584.999847,28585.412514,28586.612512,1,2.99999999999994,0.0299999999999997,7.00000000000003,1,2,66,0.5
675,28587.882511,28587.060512,28587.401178,28587.829178,28589.705843,1,2.99999999999994,0.0299999999999997,7.00000000000003,1,2,66,0.5
676,28591.130508,28590.201842,28590.481175,28591.077175,28593.039173,0,2.99999999999994,0.0299999999999997,5.99999999999996,2,1,65,0.5
677,28594.388505,28593.627172,28593.884505,28594.335838,28597.118502,0,2.99999999999994,0.0299999999999997,5.99999999999996,2,1,65,0.5
678,28598.5905,28597.693835,28597.976501,28598.5905,28600.804498,0,NaN,0,7.00000000000003,1,2,66,0.5
679,29052.864713,29047.626718,29047.840718,29052.864713,29062.23937,1,NaN,0,5.99999999999996,2,1,65,0.5
680,29063.984035,29062.981369,29063.246703,29063.981368,29066.193366,0,2.99999999999994,0.0299999999999997,5.99999999999996,2,1,65,0.5
681,29067.694031,29066.866699,29067.063365,29067.640698,29071.637361,0,2.99999999999994,0.0299999999999997,5.99999999999996,2,1,65,0.5
682,29073.546692,29072.312027,29072.770026,29073.493359,29075.211357,1,2.99999999999994,0.0299999999999997,7.00000000000003,1,2,66,0.5
683,29077.042689,29076.224689,29076.586022,29076.989355,29080.037352,1,2.99999999999994,0.0299999999999997,7.00000000000003,1,2,66,0.5
684,29081.87535,29081.123351,29081.448018,29081.822017,29084.181348,1,2.99999999999994,0.0299999999999997,7.00000000000003,1,2,66,0.5
685,29085.93868,29084.898014,29085.16268,29085.885346,29087.708678,0,2.99999999999994,0.0299999999999997,5.99999999999996,2,1,65,0.5
686,29089.111343,29088.382677,29088.589344,29089.05801,29090.462675,0,2.99999999999994,0.0299999999999997,5.99999999999996,2,1,65,0.5
687,29092.004674,29090.972008,29091.330008,29091.95134,29093.926005,1,2.99999999999994,0.0299999999999997,7.00000000000003,1,2,66,0.5
688,29095.210004,29094.465338,29094.770671,29095.156671,29096.619336,1,2.99999999999994,0.0299999999999997,7.00000000000003,1,2,66,0.5
689,29102.887329,29102.04733,29102.39933,29102.833996,29106.621992,1,2.99999999999994,0.0299999999999997,7.00000000000003,1,2,66,0.5
690,29108.307324,29107.252658,29107.585325,29108.253991,29110.190655,0,2.99999999999994,0.0299999999999997,5.99999999999996,2,1,65,0.5
691,29111.638654,29110.725322,29111.076655,29111.585321,29113.017319,1,2.99999999999994,0.0299999999999997,7.00000000000003,1,2,66,0.5
692,29115.829316,29114.346651,29114.443318,29115.775983,29120.921311,0,2.99999999999994,0.0299999999999997,5.99999999999996,2,1,65,0.5
693,29122.480643,29121.479311,29121.915977,29122.42731,29124.143308,1,2.99999999999994,0.0299999999999997,7.00000000000003,1,2,66,0.5
694,29125.83264,29124.807974,29125.107974,29125.779307,29128.103971,0,2.99999999999994,0.0299999999999997,5.99999999999996,2,1,65,0.5
695,29129.379304,29128.605304,29128.857303,29129.379304,29184.157915,0,NaN,0,7.00000000000003,1,2,66,0.5
696,29185.59458,29184.629248,29184.919914,29185.541247,29188.013244,0,2.99999999999994,0.0299999999999997,5.99999999999996,2,1,65,0.5
697,29209.67389,29208.786557,29208.97789,29209.67389,29238.029861,0,NaN,0,7.00000000000003,1,2,66,0.5
698,29242.68519,29241.727857,29242.080524,29242.631856,29251.638514,1,2.99999999999994,0.0299999999999997,7.00000000000003,1,2,66,0.5
699,29270.370495,29269.17783,29269.499829,29270.370495,29576.231523,0,NaN,0,7.00000000000003,1,2,66,0.5
700,29583.688182,29580.873518,29581.174851,29583.634849,29626.402139,0,2.99999999999994,0.0299999999999997,5.99999999999996,2,1,65,0.5
701,29631.8648,29628.770804,29629.25347,29631.811467,NaN,1,2.99999999999994,0.0299999999999997,7.00000000000003,1,2,66,0.5
